year,month,client_code,client_name,channel,sku,product_name,category,units_sold
2025,1,1001,Premier Supermarkets UK,Grocery / Supermarket,BL-SK-CLN-03,Purifying Cleanser 200ml,Skincare,450
2025,1,1001,Premier Supermarkets UK,Grocery / Supermarket,BL-SK-HYD-02,Daily Hydration Cream 50ml,Skincare,600
2025,1,1001,Premier Supermarkets UK,Grocery / Supermarket,BL-SK-EXF-09,Gentle AHA/BHA Exfoliating Toner 100ml,Skincare,250
2025,1,1001,Premier Supermarkets UK,Grocery / Supermarket,BL-SK-EYE-08,Revitalizing Eye Contour Cream 15ml,Skincare,180
2025,1,1001,Premier Supermarkets UK,Grocery / Supermarket,BL-SU-FAC-04,Invisible Face Sunscreen SPF50 50ml,Suncare,200
2025,1,1001,Premier Supermarkets UK,Grocery / Supermarket,BL-SU-BOD-05,Protective Body Lotion SPF30 200ml,Suncare,120
2025,1,1001,Premier Supermarkets UK,Grocery / Supermarket,BL-NU-VIT-07,Daily Glow Vitamin C Powder 150g,Nutrition,500
2025,1,1001,Premier Supermarkets UK,Grocery / Supermarket,BL-NU-GRE-10,Daily Supergreens & Gut Health Powder 250g,Nutrition,350
2025,1,1001,Premier Supermarkets UK,Grocery / Supermarket,BL-NU-SLE-11,Nighttime Beauty Sleep Elixir 200g,Nutrition,120
2025,1,1001,Premier Supermarkets UK,Grocery / Supermarket,BL-SK-SER-01,Anti-Aging Serum 50ml,Skincare,0
2025,1,1001,Premier Supermarkets UK,Grocery / Supermarket,BL-SK-SER-02,Hydration Serum 50ml,Skincare,0
2025,1,1001,Premier Supermarkets UK,Grocery / Supermarket,BL-SK-SER-03,Vitamin C Serum 50ml,Skincare,0
2025,1,1001,Premier Supermarkets UK,Grocery / Supermarket,BL-NU-COL-06,Marine Collagen Peptides Powder 300g,Nutrition,0
2025,1,1002,Chemist & Beauty Direct,Health & Beauty Specialist,BL-SK-CLN-03,Purifying Cleanser 200ml,Skincare,300
2025,1,1002,Chemist & Beauty Direct,Health & Beauty Specialist,BL-SK-HYD-02,Daily Hydration Cream 50ml,Skincare,400
2025,1,1002,Chemist & Beauty Direct,Health & Beauty Specialist,BL-SK-EXF-09,Gentle AHA/BHA Exfoliating Toner 100ml,Skincare,200
2025,1,1002,Chemist & Beauty Direct,Health & Beauty Specialist,BL-SK-EYE-08,Revitalizing Eye Contour Cream 15ml,Skincare,150
2025,1,1002,Chemist & Beauty Direct,Health & Beauty Specialist,BL-SK-SER-01,Anti-Aging Serum 50ml,Skincare,240
2025,1,1002,Chemist & Beauty Direct,Health & Beauty Specialist,BL-SK-SER-02,Hydration Serum 50ml,Skincare,320
2025,1,1002,Chemist & Beauty Direct,Health & Beauty Specialist,BL-SK-SER-03,Vitamin C Serum 50ml,Skincare,380
2025,1,1002,Chemist & Beauty Direct,Health & Beauty Specialist,BL-SU-FAC-04,Invisible Face Sunscreen SPF50 50ml,Suncare,100
2025,1,1002,Chemist & Beauty Direct,Health & Beauty Specialist,BL-SU-BOD-05,Protective Body Lotion SPF30 200ml,Suncare,60
2025,1,1002,Chemist & Beauty Direct,Health & Beauty Specialist,BL-NU-COL-06,Marine Collagen Peptides Powder 300g,Nutrition,140
2025,1,1002,Chemist & Beauty Direct,Health & Beauty Specialist,BL-NU-VIT-07,Daily Glow Vitamin C Powder 150g,Nutrition,140
2025,1,1002,Chemist & Beauty Direct,Health & Beauty Specialist,BL-NU-GRE-10,Daily Supergreens & Gut Health Powder 250g,Nutrition,80
2025,1,1002,Chemist & Beauty Direct,Health & Beauty Specialist,BL-NU-SLE-11,Nighttime Beauty Sleep Elixir 200g,Nutrition,120
2025,1,1003,St. James & Co. Retail,Department Stores,BL-SK-CLN-03,Purifying Cleanser 200ml,Skincare,140
2025,1,1003,St. James & Co. Retail,Department Stores,BL-SK-HYD-02,Daily Hydration Cream 50ml,Skincare,190
2025,1,1003,St. James & Co. Retail,Department Stores,BL-SK-EXF-09,Gentle AHA/BHA Exfoliating Toner 100ml,Skincare,100
2025,1,1003,St. James & Co. Retail,Department Stores,BL-SK-EYE-08,Revitalizing Eye Contour Cream 15ml,Skincare,80
2025,1,1003,St. James & Co. Retail,Department Stores,BL-SK-SER-01,Anti-Aging Serum 50ml,Skincare,120
2025,1,1003,St. James & Co. Retail,Department Stores,BL-SK-SER-02,Hydration Serum 50ml,Skincare,140
2025,1,1003,St. James & Co. Retail,Department Stores,BL-SK-SER-03,Vitamin C Serum 50ml,Skincare,150
2025,1,1003,St. James & Co. Retail,Department Stores,BL-SU-FAC-04,Invisible Face Sunscreen SPF50 50ml,Suncare,60
2025,1,1003,St. James & Co. Retail,Department Stores,BL-SU-BOD-05,Protective Body Lotion SPF30 200ml,Suncare,40
2025,1,1003,St. James & Co. Retail,Department Stores,BL-NU-COL-06,Marine Collagen Peptides Powder 300g,Nutrition,70
2025,1,1003,St. James & Co. Retail,Department Stores,BL-NU-VIT-07,Daily Glow Vitamin C Powder 150g,Nutrition,80
2025,1,1003,St. James & Co. Retail,Department Stores,BL-NU-GRE-10,Daily Supergreens & Gut Health Powder 250g,Nutrition,70
2025,1,1003,St. James & Co. Retail,Department Stores,BL-NU-SLE-11,Nighttime Beauty Sleep Elixir 200g,Nutrition,90
2025,1,1005,GlowOnline UK,Digital / E-Commerce,BL-SK-CLN-03,Purifying Cleanser 200ml,Skincare,500
2025,1,1005,GlowOnline UK,Digital / E-Commerce,BL-SK-HYD-02,Daily Hydration Cream 50ml,Skincare,570
2025,1,1005,GlowOnline UK,Digital / E-Commerce,BL-SK-EXF-09,Gentle AHA/BHA Exfoliating Toner 100ml,Skincare,290
2025,1,1005,GlowOnline UK,Digital / E-Commerce,BL-SK-EYE-08,Revitalizing Eye Contour Cream 15ml,Skincare,260
2025,1,1005,GlowOnline UK,Digital / E-Commerce,BL-SK-SER-01,Anti-Aging Serum 50ml,Skincare,330
2025,1,1005,GlowOnline UK,Digital / E-Commerce,BL-SK-SER-02,Hydration Serum 50ml,Skincare,470
2025,1,1005,GlowOnline UK,Digital / E-Commerce,BL-SK-SER-03,Vitamin C Serum 50ml,Skincare,550
2025,1,1005,GlowOnline UK,Digital / E-Commerce,BL-SU-FAC-04,Invisible Face Sunscreen SPF50 50ml,Suncare,160
2025,1,1005,GlowOnline UK,Digital / E-Commerce,BL-SU-BOD-05,Protective Body Lotion SPF30 200ml,Suncare,100
2025,1,1005,GlowOnline UK,Digital / E-Commerce,BL-NU-COL-06,Marine Collagen Peptides Powder 300g,Nutrition,350
2025,1,1005,GlowOnline UK,Digital / E-Commerce,BL-NU-VIT-07,Daily Glow Vitamin C Powder 150g,Nutrition,310
2025,1,1005,GlowOnline UK,Digital / E-Commerce,BL-NU-GRE-10,Daily Supergreens & Gut Health Powder 250g,Nutrition,210
2025,1,1005,GlowOnline UK,Digital / E-Commerce,BL-NU-SLE-11,Nighttime Beauty Sleep Elixir 200g,Nutrition,220
2025,1,1006,Highland Pharmacy Group,Regional Pharmacy Chain,BL-SK-CLN-03,Purifying Cleanser 200ml,Skincare,100
2025,1,1006,Highland Pharmacy Group,Regional Pharmacy Chain,BL-SK-HYD-02,Daily Hydration Cream 50ml,Skincare,140
2025,1,1006,Highland Pharmacy Group,Regional Pharmacy Chain,BL-SK-EXF-09,Gentle AHA/BHA Exfoliating Toner 100ml,Skincare,0
2025,1,1006,Highland Pharmacy Group,Regional Pharmacy Chain,BL-SK-EYE-08,Revitalizing Eye Contour Cream 15ml,Skincare,40
2025,1,1006,Highland Pharmacy Group,Regional Pharmacy Chain,BL-SK-SER-01,Anti-Aging Serum 50ml,Skincare,48
2025,1,1006,Highland Pharmacy Group,Regional Pharmacy Chain,BL-SK-SER-02,Hydration Serum 50ml,Skincare,70
2025,1,1006,Highland Pharmacy Group,Regional Pharmacy Chain,BL-SK-SER-03,Vitamin C Serum 50ml,Skincare,80
2025,1,1006,Highland Pharmacy Group,Regional Pharmacy Chain,BL-SU-FAC-04,Invisible Face Sunscreen SPF50 50ml,Suncare,50
2025,1,1006,Highland Pharmacy Group,Regional Pharmacy Chain,BL-SU-BOD-05,Protective Body Lotion SPF30 200ml,Suncare,30
2025,1,1006,Highland Pharmacy Group,Regional Pharmacy Chain,BL-NU-COL-06,Marine Collagen Peptides Powder 300g,Nutrition,80
2025,1,1006,Highland Pharmacy Group,Regional Pharmacy Chain,BL-NU-VIT-07,Daily Glow Vitamin C Powder 150g,Nutrition,70
2025,1,1006,Highland Pharmacy Group,Regional Pharmacy Chain,BL-NU-GRE-10,Daily Supergreens & Gut Health Powder 250g,Nutrition,0
2025,1,1006,Highland Pharmacy Group,Regional Pharmacy Chain,BL-NU-SLE-11,Nighttime Beauty Sleep Elixir 200g,Nutrition,60
2025,1,1007,Urban Luxe Boutiques,Specialty Retail,BL-SK-CLN-03,Purifying Cleanser 200ml,Skincare,0
2025,1,1007,Urban Luxe Boutiques,Specialty Retail,BL-SK-HYD-02,Daily Hydration Cream 50ml,Skincare,0
2025,1,1007,Urban Luxe Boutiques,Specialty Retail,BL-SK-EXF-09,Gentle AHA/BHA Exfoliating Toner 100ml,Skincare,35
2025,1,1007,Urban Luxe Boutiques,Specialty Retail,BL-SK-EYE-08,Revitalizing Eye Contour Cream 15ml,Skincare,0
2025,1,1007,Urban Luxe Boutiques,Specialty Retail,BL-SK-SER-01,Anti-Aging Serum 50ml,Skincare,55
2025,1,1007,Urban Luxe Boutiques,Specialty Retail,BL-SK-SER-02,Hydration Serum 50ml,Skincare,0
2025,1,1007,Urban Luxe Boutiques,Specialty Retail,BL-SK-SER-03,Vitamin C Serum 50ml,Skincare,100
2025,1,1007,Urban Luxe Boutiques,Specialty Retail,BL-SU-FAC-04,Invisible Face Sunscreen SPF50 50ml,Suncare,30
2025,1,1007,Urban Luxe Boutiques,Specialty Retail,BL-SU-BOD-05,Protective Body Lotion SPF30 200ml,Suncare,0
2025,1,1007,Urban Luxe Boutiques,Specialty Retail,BL-NU-COL-06,Marine Collagen Peptides Powder 300g,Nutrition,80
2025,1,1007,Urban Luxe Boutiques,Specialty Retail,BL-NU-VIT-07,Daily Glow Vitamin C Powder 150g,Nutrition,0
2025,1,1007,Urban Luxe Boutiques,Specialty Retail,BL-NU-GRE-10,Daily Supergreens & Gut Health Powder 250g,Nutrition,0
2025,1,1007,Urban Luxe Boutiques,Specialty Retail,BL-NU-SLE-11,Nighttime Beauty Sleep Elixir 200g,Nutrition,48
2025,2,1001,Premier Supermarkets UK,Grocery / Supermarket,BL-SK-CLN-03,Purifying Cleanser 200ml,Skincare,520
2025,2,1001,Premier Supermarkets UK,Grocery / Supermarket,BL-SK-HYD-02,Daily Hydration Cream 50ml,Skincare,680
2025,2,1001,Premier Supermarkets UK,Grocery / Supermarket,BL-SK-EXF-09,Gentle AHA/BHA Exfoliating Toner 100ml,Skincare,280
2025,2,1001,Premier Supermarkets UK,Grocery / Supermarket,BL-SK-EYE-08,Revitalizing Eye Contour Cream 15ml,Skincare,200
2025,2,1001,Premier Supermarkets UK,Grocery / Supermarket,BL-SU-FAC-04,Invisible Face Sunscreen SPF50 50ml,Suncare,220
2025,2,1001,Premier Supermarkets UK,Grocery / Supermarket,BL-SU-BOD-05,Protective Body Lotion SPF30 200ml,Suncare,130
2025,2,1001,Premier Supermarkets UK,Grocery / Supermarket,BL-NU-VIT-07,Daily Glow Vitamin C Powder 150g,Nutrition,550
2025,2,1001,Premier Supermarkets UK,Grocery / Supermarket,BL-NU-GRE-10,Daily Supergreens & Gut Health Powder 250g,Nutrition,380
2025,2,1001,Premier Supermarkets UK,Grocery / Supermarket,BL-NU-SLE-11,Nighttime Beauty Sleep Elixir 200g,Nutrition,130
2025,2,1001,Premier Supermarkets UK,Grocery / Supermarket,BL-SK-SER-01,Anti-Aging Serum 50ml,Skincare,0
2025,2,1001,Premier Supermarkets UK,Grocery / Supermarket,BL-SK-SER-02,Hydration Serum 50ml,Skincare,0
2025,2,1001,Premier Supermarkets UK,Grocery / Supermarket,BL-SK-SER-03,Vitamin C Serum 50ml,Skincare,0
2025,2,1001,Premier Supermarkets UK,Grocery / Supermarket,BL-NU-COL-06,Marine Collagen Peptides Powder 300g,Nutrition,0
2025,2,1002,Chemist & Beauty Direct,Health & Beauty Specialist,BL-SK-CLN-03,Purifying Cleanser 200ml,Skincare,340
2025,2,1002,Chemist & Beauty Direct,Health & Beauty Specialist,BL-SK-HYD-02,Daily Hydration Cream 50ml,Skincare,450
2025,2,1002,Chemist & Beauty Direct,Health & Beauty Specialist,BL-SK-EXF-09,Gentle AHA/BHA Exfoliating Toner 100ml,Skincare,220
2025,2,1002,Chemist & Beauty Direct,Health & Beauty Specialist,BL-SK-EYE-08,Revitalizing Eye Contour Cream 15ml,Skincare,170
2025,2,1002,Chemist & Beauty Direct,Health & Beauty Specialist,BL-SK-SER-01,Anti-Aging Serum 50ml,Skincare,260
2025,2,1002,Chemist & Beauty Direct,Health & Beauty Specialist,BL-SK-SER-02,Hydration Serum 50ml,Skincare,350
2025,2,1002,Chemist & Beauty Direct,Health & Beauty Specialist,BL-SK-SER-03,Vitamin C Serum 50ml,Skincare,420
2025,2,1002,Chemist & Beauty Direct,Health & Beauty Specialist,BL-SU-FAC-04,Invisible Face Sunscreen SPF50 50ml,Suncare,110
2025,2,1002,Chemist & Beauty Direct,Health & Beauty Specialist,BL-SU-BOD-05,Protective Body Lotion SPF30 200ml,Suncare,70
2025,2,1002,Chemist & Beauty Direct,Health & Beauty Specialist,BL-NU-COL-06,Marine Collagen Peptides Powder 300g,Nutrition,150
2025,2,1002,Chemist & Beauty Direct,Health & Beauty Specialist,BL-NU-VIT-07,Daily Glow Vitamin C Powder 150g,Nutrition,150
2025,2,1002,Chemist & Beauty Direct,Health & Beauty Specialist,BL-NU-GRE-10,Daily Supergreens & Gut Health Powder 250g,Nutrition,90
2025,2,1002,Chemist & Beauty Direct,Health & Beauty Specialist,BL-NU-SLE-11,Nighttime Beauty Sleep Elixir 200g,Nutrition,130
2025,2,1003,St. James & Co. Retail,Department Stores,BL-SK-CLN-03,Purifying Cleanser 200ml,Skincare,160
2025,2,1003,St. James & Co. Retail,Department Stores,BL-SK-HYD-02,Daily Hydration Cream 50ml,Skincare,210
2025,2,1003,St. James & Co. Retail,Department Stores,BL-SK-EXF-09,Gentle AHA/BHA Exfoliating Toner 100ml,Skincare,110
2025,2,1003,St. James & Co. Retail,Department Stores,BL-SK-EYE-08,Revitalizing Eye Contour Cream 15ml,Skincare,90
2025,2,1003,St. James & Co. Retail,Department Stores,BL-SK-SER-01,Anti-Aging Serum 50ml,Skincare,130
2025,2,1003,St. James & Co. Retail,Department Stores,BL-SK-SER-02,Hydration Serum 50ml,Skincare,150
2025,2,1003,St. James & Co. Retail,Department Stores,BL-SK-SER-03,Vitamin C Serum 50ml,Skincare,170
2025,2,1003,St. James & Co. Retail,Department Stores,BL-SU-FAC-04,Invisible Face Sunscreen SPF50 50ml,Suncare,70
2025,2,1003,St. James & Co. Retail,Department Stores,BL-SU-BOD-05,Protective Body Lotion SPF30 200ml,Suncare,45
2025,2,1003,St. James & Co. Retail,Department Stores,BL-NU-COL-06,Marine Collagen Peptides Powder 300g,Nutrition,80
2025,2,1003,St. James & Co. Retail,Department Stores,BL-NU-VIT-07,Daily Glow Vitamin C Powder 150g,Nutrition,90
2025,2,1003,St. James & Co. Retail,Department Stores,BL-NU-GRE-10,Daily Supergreens & Gut Health Powder 250g,Nutrition,80
2025,2,1003,St. James & Co. Retail,Department Stores,BL-NU-SLE-11,Nighttime Beauty Sleep Elixir 200g,Nutrition,100
2025,2,1005,GlowOnline UK,Digital / E-Commerce,BL-SK-CLN-03,Purifying Cleanser 200ml,Skincare,560
2025,2,1005,GlowOnline UK,Digital / E-Commerce,BL-SK-HYD-02,Daily Hydration Cream 50ml,Skincare,640
2025,2,1005,GlowOnline UK,Digital / E-Commerce,BL-SK-EXF-09,Gentle AHA/BHA Exfoliating Toner 100ml,Skincare,320
2025,2,1005,GlowOnline UK,Digital / E-Commerce,BL-SK-EYE-08,Revitalizing Eye Contour Cream 15ml,Skincare,290
2025,2,1005,GlowOnline UK,Digital / E-Commerce,BL-SK-SER-01,Anti-Aging Serum 50ml,Skincare,360
2025,2,1005,GlowOnline UK,Digital / E-Commerce,BL-SK-SER-02,Hydration Serum 50ml,Skincare,520
2025,2,1005,GlowOnline UK,Digital / E-Commerce,BL-SK-SER-03,Vitamin C Serum 50ml,Skincare,600
2025,2,1005,GlowOnline UK,Digital / E-Commerce,BL-SU-FAC-04,Invisible Face Sunscreen SPF50 50ml,Suncare,180
2025,2,1005,GlowOnline UK,Digital / E-Commerce,BL-SU-BOD-05,Protective Body Lotion SPF30 200ml,Suncare,110
2025,2,1005,GlowOnline UK,Digital / E-Commerce,BL-NU-COL-06,Marine Collagen Peptides Powder 300g,Nutrition,380
2025,2,1005,GlowOnline UK,Digital / E-Commerce,BL-NU-VIT-07,Daily Glow Vitamin C Powder 150g,Nutrition,340
2025,2,1005,GlowOnline UK,Digital / E-Commerce,BL-NU-GRE-10,Daily Supergreens & Gut Health Powder 250g,Nutrition,230
2025,2,1005,GlowOnline UK,Digital / E-Commerce,BL-NU-SLE-11,Nighttime Beauty Sleep Elixir 200g,Nutrition,240
2025,2,1006,Highland Pharmacy Group,Regional Pharmacy Chain,BL-SK-CLN-03,Purifying Cleanser 200ml,Skincare,110
2025,2,1006,Highland Pharmacy Group,Regional Pharmacy Chain,BL-SK-HYD-02,Daily Hydration Cream 50ml,Skincare,155
2025,2,1006,Highland Pharmacy Group,Regional Pharmacy Chain,BL-SK-EXF-09,Gentle AHA/BHA Exfoliating Toner 100ml,Skincare,0
2025,2,1006,Highland Pharmacy Group,Regional Pharmacy Chain,BL-SK-EYE-08,Revitalizing Eye Contour Cream 15ml,Skincare,45
2025,2,1006,Highland Pharmacy Group,Regional Pharmacy Chain,BL-SK-SER-01,Anti-Aging Serum 50ml,Skincare,52
2025,2,1006,Highland Pharmacy Group,Regional Pharmacy Chain,BL-SK-SER-02,Hydration Serum 50ml,Skincare,75
2025,2,1006,Highland Pharmacy Group,Regional Pharmacy Chain,BL-SK-SER-03,Vitamin C Serum 50ml,Skincare,90
2025,2,1006,Highland Pharmacy Group,Regional Pharmacy Chain,BL-SU-FAC-04,Invisible Face Sunscreen SPF50 50ml,Suncare,55
2025,2,1006,Highland Pharmacy Group,Regional Pharmacy Chain,BL-SU-BOD-05,Protective Body Lotion SPF30 200ml,Suncare,35
2025,2,1006,Highland Pharmacy Group,Regional Pharmacy Chain,BL-NU-COL-06,Marine Collagen Peptides Powder 300g,Nutrition,85
2025,2,1006,Highland Pharmacy Group,Regional Pharmacy Chain,BL-NU-VIT-07,Daily Glow Vitamin C Powder 150g,Nutrition,75
2025,2,1006,Highland Pharmacy Group,Regional Pharmacy Chain,BL-NU-GRE-10,Daily Supergreens & Gut Health Powder 250g,Nutrition,0
2025,2,1006,Highland Pharmacy Group,Regional Pharmacy Chain,BL-NU-SLE-11,Nighttime Beauty Sleep Elixir 200g,Nutrition,65
2025,2,1007,Urban Luxe Boutiques,Specialty Retail,BL-SK-CLN-03,Purifying Cleanser 200ml,Skincare,0
2025,2,1007,Urban Luxe Boutiques,Specialty Retail,BL-SK-HYD-02,Daily Hydration Cream 50ml,Skincare,0
2025,2,1007,Urban Luxe Boutiques,Specialty Retail,BL-SK-EXF-09,Gentle AHA/BHA Exfoliating Toner 100ml,Skincare,40
2025,2,1007,Urban Luxe Boutiques,Specialty Retail,BL-SK-EYE-08,Revitalizing Eye Contour Cream 15ml,Skincare,0
2025,2,1007,Urban Luxe Boutiques,Specialty Retail,BL-SK-SER-01,Anti-Aging Serum 50ml,Skincare,60
2025,2,1007,Urban Luxe Boutiques,Specialty Retail,BL-SK-SER-02,Hydration Serum 50ml,Skincare,0
2025,2,1007,Urban Luxe Boutiques,Specialty Retail,BL-SK-SER-03,Vitamin C Serum 50ml,Skincare,110
2025,2,1007,Urban Luxe Boutiques,Specialty Retail,BL-SU-FAC-04,Invisible Face Sunscreen SPF50 50ml,Suncare,35
2025,2,1007,Urban Luxe Boutiques,Specialty Retail,BL-SU-BOD-05,Protective Body Lotion SPF30 200ml,Suncare,0
2025,2,1007,Urban Luxe Boutiques,Specialty Retail,BL-NU-COL-06,Marine Collagen Peptides Powder 300g,Nutrition,90
2025,2,1007,Urban Luxe Boutiques,Specialty Retail,BL-NU-VIT-07,Daily Glow Vitamin C Powder 150g,Nutrition,0
2025,2,1007,Urban Luxe Boutiques,Specialty Retail,BL-NU-GRE-10,Daily Supergreens & Gut Health Powder 250g,Nutrition,0
2025,2,1007,Urban Luxe Boutiques,Specialty Retail,BL-NU-SLE-11,Nighttime Beauty Sleep Elixir 200g,Nutrition,52
2025,3,1001,Premier Supermarkets UK,Grocery / Supermarket,BL-SK-CLN-03,Purifying Cleanser 200ml,Skincare,580
2025,3,1001,Premier Supermarkets UK,Grocery / Supermarket,BL-SK-HYD-02,Daily Hydration Cream 50ml,Skincare,750
2025,3,1001,Premier Supermarkets UK,Grocery / Supermarket,BL-SK-EXF-09,Gentle AHA/BHA Exfoliating Toner 100ml,Skincare,310
2025,3,1001,Premier Supermarkets UK,Grocery / Supermarket,BL-SK-EYE-08,Revitalizing Eye Contour Cream 15ml,Skincare,220
2025,3,1001,Premier Supermarkets UK,Grocery / Supermarket,BL-SU-FAC-04,Invisible Face Sunscreen SPF50 50ml,Suncare,300
2025,3,1001,Premier Supermarkets UK,Grocery / Supermarket,BL-SU-BOD-05,Protective Body Lotion SPF30 200ml,Suncare,180
2025,3,1001,Premier Supermarkets UK,Grocery / Supermarket,BL-NU-VIT-07,Daily Glow Vitamin C Powder 150g,Nutrition,620
2025,3,1001,Premier Supermarkets UK,Grocery / Supermarket,BL-NU-GRE-10,Daily Supergreens & Gut Health Powder 250g,Nutrition,420
2025,3,1001,Premier Supermarkets UK,Grocery / Supermarket,BL-NU-SLE-11,Nighttime Beauty Sleep Elixir 200g,Nutrition,150
2025,3,1001,Premier Supermarkets UK,Grocery / Supermarket,BL-SK-SER-01,Anti-Aging Serum 50ml,Skincare,0
2025,3,1001,Premier Supermarkets UK,Grocery / Supermarket,BL-SK-SER-02,Hydration Serum 50ml,Skincare,0
2025,3,1001,Premier Supermarkets UK,Grocery / Supermarket,BL-SK-SER-03,Vitamin C Serum 50ml,Skincare,0
2025,3,1001,Premier Supermarkets UK,Grocery / Supermarket,BL-NU-COL-06,Marine Collagen Peptides Powder 300g,Nutrition,0
2025,3,1002,Chemist & Beauty Direct,Health & Beauty Specialist,BL-SK-CLN-03,Purifying Cleanser 200ml,Skincare,370
2025,3,1002,Chemist & Beauty Direct,Health & Beauty Specialist,BL-SK-HYD-02,Daily Hydration Cream 50ml,Skincare,490
2025,3,1002,Chemist & Beauty Direct,Health & Beauty Specialist,BL-SK-EXF-09,Gentle AHA/BHA Exfoliating Toner 100ml,Skincare,240
2025,3,1002,Chemist & Beauty Direct,Health & Beauty Specialist,BL-SK-EYE-08,Revitalizing Eye Contour Cream 15ml,Skincare,185
2025,3,1002,Chemist & Beauty Direct,Health & Beauty Specialist,BL-SK-SER-01,Anti-Aging Serum 50ml,Skincare,280
2025,3,1002,Chemist & Beauty Direct,Health & Beauty Specialist,BL-SK-SER-02,Hydration Serum 50ml,Skincare,380
2025,3,1002,Chemist & Beauty Direct,Health & Beauty Specialist,BL-SK-SER-03,Vitamin C Serum 50ml,Skincare,460
2025,3,1002,Chemist & Beauty Direct,Health & Beauty Specialist,BL-SU-FAC-04,Invisible Face Sunscreen SPF50 50ml,Suncare,150
2025,3,1002,Chemist & Beauty Direct,Health & Beauty Specialist,BL-SU-BOD-05,Protective Body Lotion SPF30 200ml,Suncare,90
2025,3,1002,Chemist & Beauty Direct,Health & Beauty Specialist,BL-NU-COL-06,Marine Collagen Peptides Powder 300g,Nutrition,160
2025,3,1002,Chemist & Beauty Direct,Health & Beauty Specialist,BL-NU-VIT-07,Daily Glow Vitamin C Powder 150g,Nutrition,160
2025,3,1002,Chemist & Beauty Direct,Health & Beauty Specialist,BL-NU-GRE-10,Daily Supergreens & Gut Health Powder 250g,Nutrition,100
2025,3,1002,Chemist & Beauty Direct,Health & Beauty Specialist,BL-NU-SLE-11,Nighttime Beauty Sleep Elixir 200g,Nutrition,140
2025,3,1003,St. James & Co. Retail,Department Stores,BL-SK-CLN-03,Purifying Cleanser 200ml,Skincare,180
2025,3,1003,St. James & Co. Retail,Department Stores,BL-SK-HYD-02,Daily Hydration Cream 50ml,Skincare,240
2025,3,1003,St. James & Co. Retail,Department Stores,BL-SK-EXF-09,Gentle AHA/BHA Exfoliating Toner 100ml,Skincare,130
2025,3,1003,St. James & Co. Retail,Department Stores,BL-SK-EYE-08,Revitalizing Eye Contour Cream 15ml,Skincare,100
2025,3,1003,St. James & Co. Retail,Department Stores,BL-SK-SER-01,Anti-Aging Serum 50ml,Skincare,150
2025,3,1003,St. James & Co. Retail,Department Stores,BL-SK-SER-02,Hydration Serum 50ml,Skincare,170
2025,3,1003,St. James & Co. Retail,Department Stores,BL-SK-SER-03,Vitamin C Serum 50ml,Skincare,190
2025,3,1003,St. James & Co. Retail,Department Stores,BL-SU-FAC-04,Invisible Face Sunscreen SPF50 50ml,Suncare,100
2025,3,1003,St. James & Co. Retail,Department Stores,BL-SU-BOD-05,Protective Body Lotion SPF30 200ml,Suncare,65
2025,3,1003,St. James & Co. Retail,Department Stores,BL-NU-COL-06,Marine Collagen Peptides Powder 300g,Nutrition,90
2025,3,1003,St. James & Co. Retail,Department Stores,BL-NU-VIT-07,Daily Glow Vitamin C Powder 150g,Nutrition,100
2025,3,1003,St. James & Co. Retail,Department Stores,BL-NU-GRE-10,Daily Supergreens & Gut Health Powder 250g,Nutrition,90
2025,3,1003,St. James & Co. Retail,Department Stores,BL-NU-SLE-11,Nighttime Beauty Sleep Elixir 200g,Nutrition,110
2025,3,1005,GlowOnline UK,Digital / E-Commerce,BL-SK-CLN-03,Purifying Cleanser 200ml,Skincare,620
2025,3,1005,GlowOnline UK,Digital / E-Commerce,BL-SK-HYD-02,Daily Hydration Cream 50ml,Skincare,710
2025,3,1005,GlowOnline UK,Digital / E-Commerce,BL-SK-EXF-09,Gentle AHA/BHA Exfoliating Toner 100ml,Skincare,360
2025,3,1005,GlowOnline UK,Digital / E-Commerce,BL-SK-EYE-08,Revitalizing Eye Contour Cream 15ml,Skincare,320
2025,3,1005,GlowOnline UK,Digital / E-Commerce,BL-SK-SER-01,Anti-Aging Serum 50ml,Skincare,410
2025,3,1005,GlowOnline UK,Digital / E-Commerce,BL-SK-SER-02,Hydration Serum 50ml,Skincare,580
2025,3,1005,GlowOnline UK,Digital / E-Commerce,BL-SK-SER-03,Vitamin C Serum 50ml,Skincare,680
2025,3,1005,GlowOnline UK,Digital / E-Commerce,BL-SU-FAC-04,Invisible Face Sunscreen SPF50 50ml,Suncare,250
2025,3,1005,GlowOnline UK,Digital / E-Commerce,BL-SU-BOD-05,Protective Body Lotion SPF30 200ml,Suncare,150
2025,3,1005,GlowOnline UK,Digital / E-Commerce,BL-NU-COL-06,Marine Collagen Peptides Powder 300g,Nutrition,420
2025,3,1005,GlowOnline UK,Digital / E-Commerce,BL-NU-VIT-07,Daily Glow Vitamin C Powder 150g,Nutrition,380
2025,3,1005,GlowOnline UK,Digital / E-Commerce,BL-NU-GRE-10,Daily Supergreens & Gut Health Powder 250g,Nutrition,250
2025,3,1005,GlowOnline UK,Digital / E-Commerce,BL-NU-SLE-11,Nighttime Beauty Sleep Elixir 200g,Nutrition,270
2025,3,1006,Highland Pharmacy Group,Regional Pharmacy Chain,BL-SK-CLN-03,Purifying Cleanser 200ml,Skincare,120
2025,3,1006,Highland Pharmacy Group,Regional Pharmacy Chain,BL-SK-HYD-02,Daily Hydration Cream 50ml,Skincare,170
2025,3,1006,Highland Pharmacy Group,Regional Pharmacy Chain,BL-SK-EXF-09,Gentle AHA/BHA Exfoliating Toner 100ml,Skincare,0
2025,3,1006,Highland Pharmacy Group,Regional Pharmacy Chain,BL-SK-EYE-08,Revitalizing Eye Contour Cream 15ml,Skincare,50
2025,3,1006,Highland Pharmacy Group,Regional Pharmacy Chain,BL-SK-SER-01,Anti-Aging Serum 50ml,Skincare,58
2025,3,1006,Highland Pharmacy Group,Regional Pharmacy Chain,BL-SK-SER-02,Hydration Serum 50ml,Skincare,85
2025,3,1006,Highland Pharmacy Group,Regional Pharmacy Chain,BL-SK-SER-03,Vitamin C Serum 50ml,Skincare,100
2025,3,1006,Highland Pharmacy Group,Regional Pharmacy Chain,BL-SU-FAC-04,Invisible Face Sunscreen SPF50 50ml,Suncare,80
2025,3,1006,Highland Pharmacy Group,Regional Pharmacy Chain,BL-SU-BOD-05,Protective Body Lotion SPF30 200ml,Suncare,50
2025,3,1006,Highland Pharmacy Group,Regional Pharmacy Chain,BL-NU-COL-06,Marine Collagen Peptides Powder 300g,Nutrition,100
2025,3,1006,Highland Pharmacy Group,Regional Pharmacy Chain,BL-NU-VIT-07,Daily Glow Vitamin C Powder 150g,Nutrition,85
2025,3,1006,Highland Pharmacy Group,Regional Pharmacy Chain,BL-NU-GRE-10,Daily Supergreens & Gut Health Powder 250g,Nutrition,0
2025,3,1006,Highland Pharmacy Group,Regional Pharmacy Chain,BL-NU-SLE-11,Nighttime Beauty Sleep Elixir 200g,Nutrition,75
2025,3,1007,Urban Luxe Boutiques,Specialty Retail,BL-SK-CLN-03,Purifying Cleanser 200ml,Skincare,0
2025,3,1007,Urban Luxe Boutiques,Specialty Retail,BL-SK-HYD-02,Daily Hydration Cream 50ml,Skincare,0
2025,3,1007,Urban Luxe Boutiques,Specialty Retail,BL-SK-EXF-09,Gentle AHA/BHA Exfoliating Toner 100ml,Skincare,45
2025,3,1007,Urban Luxe Boutiques,Specialty Retail,BL-SK-EYE-08,Revitalizing Eye Contour Cream 15ml,Skincare,0
2025,3,1007,Urban Luxe Boutiques,Specialty Retail,BL-SK-SER-01,Anti-Aging Serum 50ml,Skincare,68
2025,3,1007,Urban Luxe Boutiques,Specialty Retail,BL-SK-SER-02,Hydration Serum 50ml,Skincare,0
2025,3,1007,Urban Luxe Boutiques,Specialty Retail,BL-SK-SER-03,Vitamin C Serum 50ml,Skincare,125
2025,3,1007,Urban Luxe Boutiques,Specialty Retail,BL-SU-FAC-04,Invisible Face Sunscreen SPF50 50ml,Suncare,50
2025,3,1007,Urban Luxe Boutiques,Specialty Retail,BL-SU-BOD-05,Protective Body Lotion SPF30 200ml,Suncare,0
2025,3,1007,Urban Luxe Boutiques,Specialty Retail,BL-NU-COL-06,Marine Collagen Peptides Powder 300g,Nutrition,100
2025,3,1007,Urban Luxe Boutiques,Specialty Retail,BL-NU-VIT-07,Daily Glow Vitamin C Powder 150g,Nutrition,0
2025,3,1007,Urban Luxe Boutiques,Specialty Retail,BL-NU-GRE-10,Daily Supergreens & Gut Health Powder 250g,Nutrition,0
2025,3,1007,Urban Luxe Boutiques,Specialty Retail,BL-NU-SLE-11,Nighttime Beauty Sleep Elixir 200g,Nutrition,58
2025,4,1001,Premier Supermarkets UK,Grocery / Supermarket,BL-SK-CLN-03,Purifying Cleanser 200ml,Skincare,540
2025,4,1001,Premier Supermarkets UK,Grocery / Supermarket,BL-SK-HYD-02,Daily Hydration Cream 50ml,Skincare,700
2025,4,1001,Premier Supermarkets UK,Grocery / Supermarket,BL-SK-EXF-09,Gentle AHA/BHA Exfoliating Toner 100ml,Skincare,290
2025,4,1001,Premier Supermarkets UK,Grocery / Supermarket,BL-SK-EYE-08,Revitalizing Eye Contour Cream 15ml,Skincare,210
2025,4,1001,Premier Supermarkets UK,Grocery / Supermarket,BL-SU-FAC-04,Invisible Face Sunscreen SPF50 50ml,Suncare,350
2025,4,1001,Premier Supermarkets UK,Grocery / Supermarket,BL-SU-BOD-05,Protective Body Lotion SPF30 200ml,Suncare,210
2025,4,1001,Premier Supermarkets UK,Grocery / Supermarket,BL-NU-VIT-07,Daily Glow Vitamin C Powder 150g,Nutrition,580
2025,4,1001,Premier Supermarkets UK,Grocery / Supermarket,BL-NU-GRE-10,Daily Supergreens & Gut Health Powder 250g,Nutrition,400
2025,4,1001,Premier Supermarkets UK,Grocery / Supermarket,BL-NU-SLE-11,Nighttime Beauty Sleep Elixir 200g,Nutrition,140
2025,4,1001,Premier Supermarkets UK,Grocery / Supermarket,BL-SK-SER-01,Anti-Aging Serum 50ml,Skincare,0
2025,4,1001,Premier Supermarkets UK,Grocery / Supermarket,BL-SK-SER-02,Hydration Serum 50ml,Skincare,0
2025,4,1001,Premier Supermarkets UK,Grocery / Supermarket,BL-SK-SER-03,Vitamin C Serum 50ml,Skincare,0
2025,4,1001,Premier Supermarkets UK,Grocery / Supermarket,BL-NU-COL-06,Marine Collagen Peptides Powder 300g,Nutrition,0
2025,4,1002,Chemist & Beauty Direct,Health & Beauty Specialist,BL-SK-CLN-03,Purifying Cleanser 200ml,Skincare,350
2025,4,1002,Chemist & Beauty Direct,Health & Beauty Specialist,BL-SK-HYD-02,Daily Hydration Cream 50ml,Skincare,480
2025,4,1002,Chemist & Beauty Direct,Health & Beauty Specialist,BL-SK-EXF-09,Gentle AHA/BHA Exfoliating Toner 100ml,Skincare,230
2025,4,1002,Chemist & Beauty Direct,Health & Beauty Specialist,BL-SK-EYE-08,Revitalizing Eye Contour Cream 15ml,Skincare,180
2025,4,1002,Chemist & Beauty Direct,Health & Beauty Specialist,BL-SK-SER-01,Anti-Aging Serum 50ml,Skincare,290
2025,4,1002,Chemist & Beauty Direct,Health & Beauty Specialist,BL-SK-SER-02,Hydration Serum 50ml,Skincare,400
2025,4,1002,Chemist & Beauty Direct,Health & Beauty Specialist,BL-SK-SER-03,Vitamin C Serum 50ml,Skincare,460
2025,4,1002,Chemist & Beauty Direct,Health & Beauty Specialist,BL-SU-FAC-04,Invisible Face Sunscreen SPF50 50ml,Suncare,170
2025,4,1002,Chemist & Beauty Direct,Health & Beauty Specialist,BL-SU-BOD-05,Protective Body Lotion SPF30 200ml,Suncare,100
2025,4,1002,Chemist & Beauty Direct,Health & Beauty Specialist,BL-NU-COL-06,Marine Collagen Peptides Powder 300g,Nutrition,165
2025,4,1002,Chemist & Beauty Direct,Health & Beauty Specialist,BL-NU-VIT-07,Daily Glow Vitamin C Powder 150g,Nutrition,165
2025,4,1002,Chemist & Beauty Direct,Health & Beauty Specialist,BL-NU-GRE-10,Daily Supergreens & Gut Health Powder 250g,Nutrition,100
2025,4,1002,Chemist & Beauty Direct,Health & Beauty Specialist,BL-NU-SLE-11,Nighttime Beauty Sleep Elixir 200g,Nutrition,150
2025,4,1003,St. James & Co. Retail,Department Stores,BL-SK-CLN-03,Purifying Cleanser 200ml,Skincare,170
2025,4,1003,St. James & Co. Retail,Department Stores,BL-SK-HYD-02,Daily Hydration Cream 50ml,Skincare,230
2025,4,1003,St. James & Co. Retail,Department Stores,BL-SK-EXF-09,Gentle AHA/BHA Exfoliating Toner 100ml,Skincare,120
2025,4,1003,St. James & Co. Retail,Department Stores,BL-SK-EYE-08,Revitalizing Eye Contour Cream 15ml,Skincare,100
2025,4,1003,St. James & Co. Retail,Department Stores,BL-SK-SER-01,Anti-Aging Serum 50ml,Skincare,150
2025,4,1003,St. James & Co. Retail,Department Stores,BL-SK-SER-02,Hydration Serum 50ml,Skincare,170
2025,4,1003,St. James & Co. Retail,Department Stores,BL-SK-SER-03,Vitamin C Serum 50ml,Skincare,185
2025,4,1003,St. James & Co. Retail,Department Stores,BL-SU-FAC-04,Invisible Face Sunscreen SPF50 50ml,Suncare,110
2025,4,1003,St. James & Co. Retail,Department Stores,BL-SU-BOD-05,Protective Body Lotion SPF30 200ml,Suncare,70
2025,4,1003,St. James & Co. Retail,Department Stores,BL-NU-COL-06,Marine Collagen Peptides Powder 300g,Nutrition,85
2025,4,1003,St. James & Co. Retail,Department Stores,BL-NU-VIT-07,Daily Glow Vitamin C Powder 150g,Nutrition,100
2025,4,1003,St. James & Co. Retail,Department Stores,BL-NU-GRE-10,Daily Supergreens & Gut Health Powder 250g,Nutrition,85
2025,4,1003,St. James & Co. Retail,Department Stores,BL-NU-SLE-11,Nighttime Beauty Sleep Elixir 200g,Nutrition,110
2025,4,1005,GlowOnline UK,Digital / E-Commerce,BL-SK-CLN-03,Purifying Cleanser 200ml,Skincare,580
2025,4,1005,GlowOnline UK,Digital / E-Commerce,BL-SK-HYD-02,Daily Hydration Cream 50ml,Skincare,670
2025,4,1005,GlowOnline UK,Digital / E-Commerce,BL-SK-EXF-09,Gentle AHA/BHA Exfoliating Toner 100ml,Skincare,340
2025,4,1005,GlowOnline UK,Digital / E-Commerce,BL-SK-EYE-08,Revitalizing Eye Contour Cream 15ml,Skincare,310
2025,4,1005,GlowOnline UK,Digital / E-Commerce,BL-SK-SER-01,Anti-Aging Serum 50ml,Skincare,400
2025,4,1005,GlowOnline UK,Digital / E-Commerce,BL-SK-SER-02,Hydration Serum 50ml,Skincare,560
2025,4,1005,GlowOnline UK,Digital / E-Commerce,BL-SK-SER-03,Vitamin C Serum 50ml,Skincare,670
2025,4,1005,GlowOnline UK,Digital / E-Commerce,BL-SU-FAC-04,Invisible Face Sunscreen SPF50 50ml,Suncare,290
2025,4,1005,GlowOnline UK,Digital / E-Commerce,BL-SU-BOD-05,Protective Body Lotion SPF30 200ml,Suncare,180
2025,4,1005,GlowOnline UK,Digital / E-Commerce,BL-NU-COL-06,Marine Collagen Peptides Powder 300g,Nutrition,410
2025,4,1005,GlowOnline UK,Digital / E-Commerce,BL-NU-VIT-07,Daily Glow Vitamin C Powder 150g,Nutrition,370
2025,4,1005,GlowOnline UK,Digital / E-Commerce,BL-NU-GRE-10,Daily Supergreens & Gut Health Powder 250g,Nutrition,250
2025,4,1005,GlowOnline UK,Digital / E-Commerce,BL-NU-SLE-11,Nighttime Beauty Sleep Elixir 200g,Nutrition,260
2025,4,1006,Highland Pharmacy Group,Regional Pharmacy Chain,BL-SK-CLN-03,Purifying Cleanser 200ml,Skincare,115
2025,4,1006,Highland Pharmacy Group,Regional Pharmacy Chain,BL-SK-HYD-02,Daily Hydration Cream 50ml,Skincare,165
2025,4,1006,Highland Pharmacy Group,Regional Pharmacy Chain,BL-SK-EXF-09,Gentle AHA/BHA Exfoliating Toner 100ml,Skincare,0
2025,4,1006,Highland Pharmacy Group,Regional Pharmacy Chain,BL-SK-EYE-08,Revitalizing Eye Contour Cream 15ml,Skincare,50
2025,4,1006,Highland Pharmacy Group,Regional Pharmacy Chain,BL-SK-SER-01,Anti-Aging Serum 50ml,Skincare,58
2025,4,1006,Highland Pharmacy Group,Regional Pharmacy Chain,BL-SK-SER-02,Hydration Serum 50ml,Skincare,85
2025,4,1006,Highland Pharmacy Group,Regional Pharmacy Chain,BL-SK-SER-03,Vitamin C Serum 50ml,Skincare,100
2025,4,1006,Highland Pharmacy Group,Regional Pharmacy Chain,BL-SU-FAC-04,Invisible Face Sunscreen SPF50 50ml,Suncare,90
2025,4,1006,Highland Pharmacy Group,Regional Pharmacy Chain,BL-SU-BOD-05,Protective Body Lotion SPF30 200ml,Suncare,55
2025,4,1006,Highland Pharmacy Group,Regional Pharmacy Chain,BL-NU-COL-06,Marine Collagen Peptides Powder 300g,Nutrition,100
2025,4,1006,Highland Pharmacy Group,Regional Pharmacy Chain,BL-NU-VIT-07,Daily Glow Vitamin C Powder 150g,Nutrition,85
2025,4,1006,Highland Pharmacy Group,Regional Pharmacy Chain,BL-NU-GRE-10,Daily Supergreens & Gut Health Powder 250g,Nutrition,0
2025,4,1006,Highland Pharmacy Group,Regional Pharmacy Chain,BL-NU-SLE-11,Nighttime Beauty Sleep Elixir 200g,Nutrition,75
2025,4,1007,Urban Luxe Boutiques,Specialty Retail,BL-SK-CLN-03,Purifying Cleanser 200ml,Skincare,0
2025,4,1007,Urban Luxe Boutiques,Specialty Retail,BL-SK-HYD-02,Daily Hydration Cream 50ml,Skincare,0
2025,4,1007,Urban Luxe Boutiques,Specialty Retail,BL-SK-EXF-09,Gentle AHA/BHA Exfoliating Toner 100ml,Skincare,42
2025,4,1007,Urban Luxe Boutiques,Specialty Retail,BL-SK-EYE-08,Revitalizing Eye Contour Cream 15ml,Skincare,0
2025,4,1007,Urban Luxe Boutiques,Specialty Retail,BL-SK-SER-01,Anti-Aging Serum 50ml,Skincare,68
2025,4,1007,Urban Luxe Boutiques,Specialty Retail,BL-SK-SER-02,Hydration Serum 50ml,Skincare,0
2025,4,1007,Urban Luxe Boutiques,Specialty Retail,BL-SK-SER-03,Vitamin C Serum 50ml,Skincare,125
2025,4,1007,Urban Luxe Boutiques,Specialty Retail,BL-SU-FAC-04,Invisible Face Sunscreen SPF50 50ml,Suncare,55
2025,4,1007,Urban Luxe Boutiques,Specialty Retail,BL-SU-BOD-05,Protective Body Lotion SPF30 200ml,Suncare,0
2025,4,1007,Urban Luxe Boutiques,Specialty Retail,BL-NU-COL-06,Marine Collagen Peptides Powder 300g,Nutrition,100
2025,4,1007,Urban Luxe Boutiques,Specialty Retail,BL-NU-VIT-07,Daily Glow Vitamin C Powder 150g,Nutrition,0
2025,4,1007,Urban Luxe Boutiques,Specialty Retail,BL-NU-GRE-10,Daily Supergreens & Gut Health Powder 250g,Nutrition,0
2025,4,1007,Urban Luxe Boutiques,Specialty Retail,BL-NU-SLE-11,Nighttime Beauty Sleep Elixir 200g,Nutrition,58
2025,5,1001,Premier Supermarkets UK,Grocery / Supermarket,BL-SK-CLN-03,Purifying Cleanser 200ml,Skincare,600
2025,5,1001,Premier Supermarkets UK,Grocery / Supermarket,BL-SK-HYD-02,Daily Hydration Cream 50ml,Skincare,780
2025,5,1001,Premier Supermarkets UK,Grocery / Supermarket,BL-SK-EXF-09,Gentle AHA/BHA Exfoliating Toner 100ml,Skincare,320
2025,5,1001,Premier Supermarkets UK,Grocery / Supermarket,BL-SK-EYE-08,Revitalizing Eye Contour Cream 15ml,Skincare,230
2025,5,1001,Premier Supermarkets UK,Grocery / Supermarket,BL-SU-FAC-04,Invisible Face Sunscreen SPF50 50ml,Suncare,480
2025,5,1001,Premier Supermarkets UK,Grocery / Supermarket,BL-SU-BOD-05,Protective Body Lotion SPF30 200ml,Suncare,300
2025,5,1001,Premier Supermarkets UK,Grocery / Supermarket,BL-NU-VIT-07,Daily Glow Vitamin C Powder 150g,Nutrition,680
2025,5,1001,Premier Supermarkets UK,Grocery / Supermarket,BL-NU-GRE-10,Daily Supergreens & Gut Health Powder 250g,Nutrition,450
2025,5,1001,Premier Supermarkets UK,Grocery / Supermarket,BL-NU-SLE-11,Nighttime Beauty Sleep Elixir 200g,Nutrition,160
2025,5,1001,Premier Supermarkets UK,Grocery / Supermarket,BL-SK-SER-01,Anti-Aging Serum 50ml,Skincare,0
2025,5,1001,Premier Supermarkets UK,Grocery / Supermarket,BL-SK-SER-02,Hydration Serum 50ml,Skincare,0
2025,5,1001,Premier Supermarkets UK,Grocery / Supermarket,BL-SK-SER-03,Vitamin C Serum 50ml,Skincare,0
2025,5,1001,Premier Supermarkets UK,Grocery / Supermarket,BL-NU-COL-06,Marine Collagen Peptides Powder 300g,Nutrition,0
2025,5,1002,Chemist & Beauty Direct,Health & Beauty Specialist,BL-SK-CLN-03,Purifying Cleanser 200ml,Skincare,380
2025,5,1002,Chemist & Beauty Direct,Health & Beauty Specialist,BL-SK-HYD-02,Daily Hydration Cream 50ml,Skincare,530
2025,5,1002,Chemist & Beauty Direct,Health & Beauty Specialist,BL-SK-EXF-09,Gentle AHA/BHA Exfoliating Toner 100ml,Skincare,250
2025,5,1002,Chemist & Beauty Direct,Health & Beauty Specialist,BL-SK-EYE-08,Revitalizing Eye Contour Cream 15ml,Skincare,200
2025,5,1002,Chemist & Beauty Direct,Health & Beauty Specialist,BL-SK-SER-01,Anti-Aging Serum 50ml,Skincare,320
2025,5,1002,Chemist & Beauty Direct,Health & Beauty Specialist,BL-SK-SER-02,Hydration Serum 50ml,Skincare,440
2025,5,1002,Chemist & Beauty Direct,Health & Beauty Specialist,BL-SK-SER-03,Vitamin C Serum 50ml,Skincare,500
2025,5,1002,Chemist & Beauty Direct,Health & Beauty Specialist,BL-SU-FAC-04,Invisible Face Sunscreen SPF50 50ml,Suncare,240
2025,5,1002,Chemist & Beauty Direct,Health & Beauty Specialist,BL-SU-BOD-05,Protective Body Lotion SPF30 200ml,Suncare,150
2025,5,1002,Chemist & Beauty Direct,Health & Beauty Specialist,BL-NU-COL-06,Marine Collagen Peptides Powder 300g,Nutrition,180
2025,5,1002,Chemist & Beauty Direct,Health & Beauty Specialist,BL-NU-VIT-07,Daily Glow Vitamin C Powder 150g,Nutrition,180
2025,5,1002,Chemist & Beauty Direct,Health & Beauty Specialist,BL-NU-GRE-10,Daily Supergreens & Gut Health Powder 250g,Nutrition,110
2025,5,1002,Chemist & Beauty Direct,Health & Beauty Specialist,BL-NU-SLE-11,Nighttime Beauty Sleep Elixir 200g,Nutrition,160
2025,5,1003,St. James & Co. Retail,Department Stores,BL-SK-CLN-03,Purifying Cleanser 200ml,Skincare,190
2025,5,1003,St. James & Co. Retail,Department Stores,BL-SK-HYD-02,Daily Hydration Cream 50ml,Skincare,260
2025,5,1003,St. James & Co. Retail,Department Stores,BL-SK-EXF-09,Gentle AHA/BHA Exfoliating Toner 100ml,Skincare,140
2025,5,1003,St. James & Co. Retail,Department Stores,BL-SK-EYE-08,Revitalizing Eye Contour Cream 15ml,Skincare,110
2025,5,1003,St. James & Co. Retail,Department Stores,BL-SK-SER-01,Anti-Aging Serum 50ml,Skincare,170
2025,5,1003,St. James & Co. Retail,Department Stores,BL-SK-SER-02,Hydration Serum 50ml,Skincare,190
2025,5,1003,St. James & Co. Retail,Department Stores,BL-SK-SER-03,Vitamin C Serum 50ml,Skincare,210
2025,5,1003,St. James & Co. Retail,Department Stores,BL-SU-FAC-04,Invisible Face Sunscreen SPF50 50ml,Suncare,140
2025,5,1003,St. James & Co. Retail,Department Stores,BL-SU-BOD-05,Protective Body Lotion SPF30 200ml,Suncare,90
2025,5,1003,St. James & Co. Retail,Department Stores,BL-NU-COL-06,Marine Collagen Peptides Powder 300g,Nutrition,95
2025,5,1003,St. James & Co. Retail,Department Stores,BL-NU-VIT-07,Daily Glow Vitamin C Powder 150g,Nutrition,110
2025,5,1003,St. James & Co. Retail,Department Stores,BL-NU-GRE-10,Daily Supergreens & Gut Health Powder 250g,Nutrition,95
2025,5,1003,St. James & Co. Retail,Department Stores,BL-NU-SLE-11,Nighttime Beauty Sleep Elixir 200g,Nutrition,120
2025,5,1005,GlowOnline UK,Digital / E-Commerce,BL-SK-CLN-03,Purifying Cleanser 200ml,Skincare,650
2025,5,1005,GlowOnline UK,Digital / E-Commerce,BL-SK-HYD-02,Daily Hydration Cream 50ml,Skincare,750
2025,5,1005,GlowOnline UK,Digital / E-Commerce,BL-SK-EXF-09,Gentle AHA/BHA Exfoliating Toner 100ml,Skincare,380
2025,5,1005,GlowOnline UK,Digital / E-Commerce,BL-SK-EYE-08,Revitalizing Eye Contour Cream 15ml,Skincare,350
2025,5,1005,GlowOnline UK,Digital / E-Commerce,BL-SK-SER-01,Anti-Aging Serum 50ml,Skincare,440
2025,5,1005,GlowOnline UK,Digital / E-Commerce,BL-SK-SER-02,Hydration Serum 50ml,Skincare,620
2025,5,1005,GlowOnline UK,Digital / E-Commerce,BL-SK-SER-03,Vitamin C Serum 50ml,Skincare,730
2025,5,1005,GlowOnline UK,Digital / E-Commerce,BL-SU-FAC-04,Invisible Face Sunscreen SPF50 50ml,Suncare,380
2025,5,1005,GlowOnline UK,Digital / E-Commerce,BL-SU-BOD-05,Protective Body Lotion SPF30 200ml,Suncare,240
2025,5,1005,GlowOnline UK,Digital / E-Commerce,BL-NU-COL-06,Marine Collagen Peptides Powder 300g,Nutrition,460
2025,5,1005,GlowOnline UK,Digital / E-Commerce,BL-NU-VIT-07,Daily Glow Vitamin C Powder 150g,Nutrition,410
2025,5,1005,GlowOnline UK,Digital / E-Commerce,BL-NU-GRE-10,Daily Supergreens & Gut Health Powder 250g,Nutrition,280
2025,5,1005,GlowOnline UK,Digital / E-Commerce,BL-NU-SLE-11,Nighttime Beauty Sleep Elixir 200g,Nutrition,290
2025,5,1006,Highland Pharmacy Group,Regional Pharmacy Chain,BL-SK-CLN-03,Purifying Cleanser 200ml,Skincare,130
2025,5,1006,Highland Pharmacy Group,Regional Pharmacy Chain,BL-SK-HYD-02,Daily Hydration Cream 50ml,Skincare,185
2025,5,1006,Highland Pharmacy Group,Regional Pharmacy Chain,BL-SK-EXF-09,Gentle AHA/BHA Exfoliating Toner 100ml,Skincare,0
2025,5,1006,Highland Pharmacy Group,Regional Pharmacy Chain,BL-SK-EYE-08,Revitalizing Eye Contour Cream 15ml,Skincare,55
2025,5,1006,Highland Pharmacy Group,Regional Pharmacy Chain,BL-SK-SER-01,Anti-Aging Serum 50ml,Skincare,65
2025,5,1006,Highland Pharmacy Group,Regional Pharmacy Chain,BL-SK-SER-02,Hydration Serum 50ml,Skincare,95
2025,5,1006,Highland Pharmacy Group,Regional Pharmacy Chain,BL-SK-SER-03,Vitamin C Serum 50ml,Skincare,110
2025,5,1006,Highland Pharmacy Group,Regional Pharmacy Chain,BL-SU-FAC-04,Invisible Face Sunscreen SPF50 50ml,Suncare,120
2025,5,1006,Highland Pharmacy Group,Regional Pharmacy Chain,BL-SU-BOD-05,Protective Body Lotion SPF30 200ml,Suncare,75
2025,5,1006,Highland Pharmacy Group,Regional Pharmacy Chain,BL-NU-COL-06,Marine Collagen Peptides Powder 300g,Nutrition,110
2025,5,1006,Highland Pharmacy Group,Regional Pharmacy Chain,BL-NU-VIT-07,Daily Glow Vitamin C Powder 150g,Nutrition,90
2025,5,1006,Highland Pharmacy Group,Regional Pharmacy Chain,BL-NU-GRE-10,Daily Supergreens & Gut Health Powder 250g,Nutrition,0
2025,5,1006,Highland Pharmacy Group,Regional Pharmacy Chain,BL-NU-SLE-11,Nighttime Beauty Sleep Elixir 200g,Nutrition,80
2025,5,1007,Urban Luxe Boutiques,Specialty Retail,BL-SK-CLN-03,Purifying Cleanser 200ml,Skincare,0
2025,5,1007,Urban Luxe Boutiques,Specialty Retail,BL-SK-HYD-02,Daily Hydration Cream 50ml,Skincare,0
2025,5,1007,Urban Luxe Boutiques,Specialty Retail,BL-SK-EXF-09,Gentle AHA/BHA Exfoliating Toner 100ml,Skincare,48
2025,5,1007,Urban Luxe Boutiques,Specialty Retail,BL-SK-EYE-08,Revitalizing Eye Contour Cream 15ml,Skincare,0
2025,5,1007,Urban Luxe Boutiques,Specialty Retail,BL-SK-SER-01,Anti-Aging Serum 50ml,Skincare,75
2025,5,1007,Urban Luxe Boutiques,Specialty Retail,BL-SK-SER-02,Hydration Serum 50ml,Skincare,0
2025,5,1007,Urban Luxe Boutiques,Specialty Retail,BL-SK-SER-03,Vitamin C Serum 50ml,Skincare,140
2025,5,1007,Urban Luxe Boutiques,Specialty Retail,BL-SU-FAC-04,Invisible Face Sunscreen SPF50 50ml,Suncare,70
2025,5,1007,Urban Luxe Boutiques,Specialty Retail,BL-SU-BOD-05,Protective Body Lotion SPF30 200ml,Suncare,0
2025,5,1007,Urban Luxe Boutiques,Specialty Retail,BL-NU-COL-06,Marine Collagen Peptides Powder 300g,Nutrition,110
2025,5,1007,Urban Luxe Boutiques,Specialty Retail,BL-NU-VIT-07,Daily Glow Vitamin C Powder 150g,Nutrition,0
2025,5,1007,Urban Luxe Boutiques,Specialty Retail,BL-NU-GRE-10,Daily Supergreens & Gut Health Powder 250g,Nutrition,0
2025,5,1007,Urban Luxe Boutiques,Specialty Retail,BL-NU-SLE-11,Nighttime Beauty Sleep Elixir 200g,Nutrition,65
2025,6,1001,Premier Supermarkets UK,Grocery / Supermarket,BL-SK-CLN-03,Purifying Cleanser 200ml,Skincare,580
2025,6,1001,Premier Supermarkets UK,Grocery / Supermarket,BL-SK-HYD-02,Daily Hydration Cream 50ml,Skincare,750
2025,6,1001,Premier Supermarkets UK,Grocery / Supermarket,BL-SK-EXF-09,Gentle AHA/BHA Exfoliating Toner 100ml,Skincare,310
2025,6,1001,Premier Supermarkets UK,Grocery / Supermarket,BL-SK-EYE-08,Revitalizing Eye Contour Cream 15ml,Skincare,220
2025,6,1001,Premier Supermarkets UK,Grocery / Supermarket,BL-SU-FAC-04,Invisible Face Sunscreen SPF50 50ml,Suncare,550
2025,6,1001,Premier Supermarkets UK,Grocery / Supermarket,BL-SU-BOD-05,Protective Body Lotion SPF30 200ml,Suncare,350
2025,6,1001,Premier Supermarkets UK,Grocery / Supermarket,BL-NU-VIT-07,Daily Glow Vitamin C Powder 150g,Nutrition,650
2025,6,1001,Premier Supermarkets UK,Grocery / Supermarket,BL-NU-GRE-10,Daily Supergreens & Gut Health Powder 250g,Nutrition,430
2025,6,1001,Premier Supermarkets UK,Grocery / Supermarket,BL-NU-SLE-11,Nighttime Beauty Sleep Elixir 200g,Nutrition,150
2025,6,1001,Premier Supermarkets UK,Grocery / Supermarket,BL-SK-SER-01,Anti-Aging Serum 50ml,Skincare,0
2025,6,1001,Premier Supermarkets UK,Grocery / Supermarket,BL-SK-SER-02,Hydration Serum 50ml,Skincare,0
2025,6,1001,Premier Supermarkets UK,Grocery / Supermarket,BL-SK-SER-03,Vitamin C Serum 50ml,Skincare,0
2025,6,1001,Premier Supermarkets UK,Grocery / Supermarket,BL-NU-COL-06,Marine Collagen Peptides Powder 300g,Nutrition,0
2025,6,1002,Chemist & Beauty Direct,Health & Beauty Specialist,BL-SK-CLN-03,Purifying Cleanser 200ml,Skincare,360
2025,6,1002,Chemist & Beauty Direct,Health & Beauty Specialist,BL-SK-HYD-02,Daily Hydration Cream 50ml,Skincare,500
2025,6,1002,Chemist & Beauty Direct,Health & Beauty Specialist,BL-SK-EXF-09,Gentle AHA/BHA Exfoliating Toner 100ml,Skincare,240
2025,6,1002,Chemist & Beauty Direct,Health & Beauty Specialist,BL-SK-EYE-08,Revitalizing Eye Contour Cream 15ml,Skincare,190
2025,6,1002,Chemist & Beauty Direct,Health & Beauty Specialist,BL-SK-SER-01,Anti-Aging Serum 50ml,Skincare,300
2025,6,1002,Chemist & Beauty Direct,Health & Beauty Specialist,BL-SK-SER-02,Hydration Serum 50ml,Skincare,420
2025,6,1002,Chemist & Beauty Direct,Health & Beauty Specialist,BL-SK-SER-03,Vitamin C Serum 50ml,Skincare,480
2025,6,1002,Chemist & Beauty Direct,Health & Beauty Specialist,BL-SU-FAC-04,Invisible Face Sunscreen SPF50 50ml,Suncare,260
2025,6,1002,Chemist & Beauty Direct,Health & Beauty Specialist,BL-SU-BOD-05,Protective Body Lotion SPF30 200ml,Suncare,160
2025,6,1002,Chemist & Beauty Direct,Health & Beauty Specialist,BL-NU-COL-06,Marine Collagen Peptides Powder 300g,Nutrition,170
2025,6,1002,Chemist & Beauty Direct,Health & Beauty Specialist,BL-NU-VIT-07,Daily Glow Vitamin C Powder 150g,Nutrition,170
2025,6,1002,Chemist & Beauty Direct,Health & Beauty Specialist,BL-NU-GRE-10,Daily Supergreens & Gut Health Powder 250g,Nutrition,100
2025,6,1002,Chemist & Beauty Direct,Health & Beauty Specialist,BL-NU-SLE-11,Nighttime Beauty Sleep Elixir 200g,Nutrition,150
2025,6,1003,St. James & Co. Retail,Department Stores,BL-SK-CLN-03,Purifying Cleanser 200ml,Skincare,170
2025,6,1003,St. James & Co. Retail,Department Stores,BL-SK-HYD-02,Daily Hydration Cream 50ml,Skincare,230
2025,6,1003,St. James & Co. Retail,Department Stores,BL-SK-EXF-09,Gentle AHA/BHA Exfoliating Toner 100ml,Skincare,125
2025,6,1003,St. James & Co. Retail,Department Stores,BL-SK-EYE-08,Revitalizing Eye Contour Cream 15ml,Skincare,100
2025,6,1003,St. James & Co. Retail,Department Stores,BL-SK-SER-01,Anti-Aging Serum 50ml,Skincare,150
2025,6,1003,St. James & Co. Retail,Department Stores,BL-SK-SER-02,Hydration Serum 50ml,Skincare,170
2025,6,1003,St. James & Co. Retail,Department Stores,BL-SK-SER-03,Vitamin C Serum 50ml,Skincare,185
2025,6,1003,St. James & Co. Retail,Department Stores,BL-SU-FAC-04,Invisible Face Sunscreen SPF50 50ml,Suncare,150
2025,6,1003,St. James & Co. Retail,Department Stores,BL-SU-BOD-05,Protective Body Lotion SPF30 200ml,Suncare,95
2025,6,1003,St. James & Co. Retail,Department Stores,BL-NU-COL-06,Marine Collagen Peptides Powder 300g,Nutrition,85
2025,6,1003,St. James & Co. Retail,Department Stores,BL-NU-VIT-07,Daily Glow Vitamin C Powder 150g,Nutrition,100
2025,6,1003,St. James & Co. Retail,Department Stores,BL-NU-GRE-10,Daily Supergreens & Gut Health Powder 250g,Nutrition,85
2025,6,1003,St. James & Co. Retail,Department Stores,BL-NU-SLE-11,Nighttime Beauty Sleep Elixir 200g,Nutrition,110
2025,6,1005,GlowOnline UK,Digital / E-Commerce,BL-SK-CLN-03,Purifying Cleanser 200ml,Skincare,620
2025,6,1005,GlowOnline UK,Digital / E-Commerce,BL-SK-HYD-02,Daily Hydration Cream 50ml,Skincare,720
2025,6,1005,GlowOnline UK,Digital / E-Commerce,BL-SK-EXF-09,Gentle AHA/BHA Exfoliating Toner 100ml,Skincare,360
2025,6,1005,GlowOnline UK,Digital / E-Commerce,BL-SK-EYE-08,Revitalizing Eye Contour Cream 15ml,Skincare,330
2025,6,1005,GlowOnline UK,Digital / E-Commerce,BL-SK-SER-01,Anti-Aging Serum 50ml,Skincare,420
2025,6,1005,GlowOnline UK,Digital / E-Commerce,BL-SK-SER-02,Hydration Serum 50ml,Skincare,600
2025,6,1005,GlowOnline UK,Digital / E-Commerce,BL-SK-SER-03,Vitamin C Serum 50ml,Skincare,700
2025,6,1005,GlowOnline UK,Digital / E-Commerce,BL-SU-FAC-04,Invisible Face Sunscreen SPF50 50ml,Suncare,450
2025,6,1005,GlowOnline UK,Digital / E-Commerce,BL-SU-BOD-05,Protective Body Lotion SPF30 200ml,Suncare,280
2025,6,1005,GlowOnline UK,Digital / E-Commerce,BL-NU-COL-06,Marine Collagen Peptides Powder 300g,Nutrition,430
2025,6,1005,GlowOnline UK,Digital / E-Commerce,BL-NU-VIT-07,Daily Glow Vitamin C Powder 150g,Nutrition,390
2025,6,1005,GlowOnline UK,Digital / E-Commerce,BL-NU-GRE-10,Daily Supergreens & Gut Health Powder 250g,Nutrition,260
2025,6,1005,GlowOnline UK,Digital / E-Commerce,BL-NU-SLE-11,Nighttime Beauty Sleep Elixir 200g,Nutrition,270
2025,6,1006,Highland Pharmacy Group,Regional Pharmacy Chain,BL-SK-CLN-03,Purifying Cleanser 200ml,Skincare,120
2025,6,1006,Highland Pharmacy Group,Regional Pharmacy Chain,BL-SK-HYD-02,Daily Hydration Cream 50ml,Skincare,170
2025,6,1006,Highland Pharmacy Group,Regional Pharmacy Chain,BL-SK-EXF-09,Gentle AHA/BHA Exfoliating Toner 100ml,Skincare,0
2025,6,1006,Highland Pharmacy Group,Regional Pharmacy Chain,BL-SK-EYE-08,Revitalizing Eye Contour Cream 15ml,Skincare,50
2025,6,1006,Highland Pharmacy Group,Regional Pharmacy Chain,BL-SK-SER-01,Anti-Aging Serum 50ml,Skincare,60
2025,6,1006,Highland Pharmacy Group,Regional Pharmacy Chain,BL-SK-SER-02,Hydration Serum 50ml,Skincare,85
2025,6,1006,Highland Pharmacy Group,Regional Pharmacy Chain,BL-SK-SER-03,Vitamin C Serum 50ml,Skincare,100
2025,6,1006,Highland Pharmacy Group,Regional Pharmacy Chain,BL-SU-FAC-04,Invisible Face Sunscreen SPF50 50ml,Suncare,130
2025,6,1006,Highland Pharmacy Group,Regional Pharmacy Chain,BL-SU-BOD-05,Protective Body Lotion SPF30 200ml,Suncare,80
2025,6,1006,Highland Pharmacy Group,Regional Pharmacy Chain,BL-NU-COL-06,Marine Collagen Peptides Powder 300g,Nutrition,100
2025,6,1006,Highland Pharmacy Group,Regional Pharmacy Chain,BL-NU-VIT-07,Daily Glow Vitamin C Powder 150g,Nutrition,85
2025,6,1006,Highland Pharmacy Group,Regional Pharmacy Chain,BL-NU-GRE-10,Daily Supergreens & Gut Health Powder 250g,Nutrition,0
2025,6,1006,Highland Pharmacy Group,Regional Pharmacy Chain,BL-NU-SLE-11,Nighttime Beauty Sleep Elixir 200g,Nutrition,75
2025,6,1007,Urban Luxe Boutiques,Specialty Retail,BL-SK-CLN-03,Purifying Cleanser 200ml,Skincare,0
2025,6,1007,Urban Luxe Boutiques,Specialty Retail,BL-SK-HYD-02,Daily Hydration Cream 50ml,Skincare,0
2025,6,1007,Urban Luxe Boutiques,Specialty Retail,BL-SK-EXF-09,Gentle AHA/BHA Exfoliating Toner 100ml,Skincare,42
2025,6,1007,Urban Luxe Boutiques,Specialty Retail,BL-SK-EYE-08,Revitalizing Eye Contour Cream 15ml,Skincare,0
2025,6,1007,Urban Luxe Boutiques,Specialty Retail,BL-SK-SER-01,Anti-Aging Serum 50ml,Skincare,70
2025,6,1007,Urban Luxe Boutiques,Specialty Retail,BL-SK-SER-02,Hydration Serum 50ml,Skincare,0
2025,6,1007,Urban Luxe Boutiques,Specialty Retail,BL-SK-SER-03,Vitamin C Serum 50ml,Skincare,130
2025,6,1007,Urban Luxe Boutiques,Specialty Retail,BL-SU-FAC-04,Invisible Face Sunscreen SPF50 50ml,Suncare,75
2025,6,1007,Urban Luxe Boutiques,Specialty Retail,BL-SU-BOD-05,Protective Body Lotion SPF30 200ml,Suncare,0
2025,6,1007,Urban Luxe Boutiques,Specialty Retail,BL-NU-COL-06,Marine Collagen Peptides Powder 300g,Nutrition,100
2025,6,1007,Urban Luxe Boutiques,Specialty Retail,BL-NU-VIT-07,Daily Glow Vitamin C Powder 150g,Nutrition,0
2025,6,1007,Urban Luxe Boutiques,Specialty Retail,BL-NU-GRE-10,Daily Supergreens & Gut Health Powder 250g,Nutrition,0
2025,6,1007,Urban Luxe Boutiques,Specialty Retail,BL-NU-SLE-11,Nighttime Beauty Sleep Elixir 200g,Nutrition,58
2025,7,1001,Premier Supermarkets UK,Grocery / Supermarket,BL-SK-CLN-03,Purifying Cleanser 200ml,Skincare,550
2025,7,1001,Premier Supermarkets UK,Grocery / Supermarket,BL-SK-HYD-02,Daily Hydration Cream 50ml,Skincare,710
2025,7,1001,Premier Supermarkets UK,Grocery / Supermarket,BL-SK-EXF-09,Gentle AHA/BHA Exfoliating Toner 100ml,Skincare,290
2025,7,1001,Premier Supermarkets UK,Grocery / Supermarket,BL-SK-EYE-08,Revitalizing Eye Contour Cream 15ml,Skincare,210
2025,7,1001,Premier Supermarkets UK,Grocery / Supermarket,BL-SU-FAC-04,Invisible Face Sunscreen SPF50 50ml,Suncare,520
2025,7,1001,Premier Supermarkets UK,Grocery / Supermarket,BL-SU-BOD-05,Protective Body Lotion SPF30 200ml,Suncare,330
2025,7,1001,Premier Supermarkets UK,Grocery / Supermarket,BL-NU-VIT-07,Daily Glow Vitamin C Powder 150g,Nutrition,620
2025,7,1001,Premier Supermarkets UK,Grocery / Supermarket,BL-NU-GRE-10,Daily Supergreens & Gut Health Powder 250g,Nutrition,410
2025,7,1001,Premier Supermarkets UK,Grocery / Supermarket,BL-NU-SLE-11,Nighttime Beauty Sleep Elixir 200g,Nutrition,150
2025,7,1001,Premier Supermarkets UK,Grocery / Supermarket,BL-SK-SER-01,Anti-Aging Serum 50ml,Skincare,0
2025,7,1001,Premier Supermarkets UK,Grocery / Supermarket,BL-SK-SER-02,Hydration Serum 50ml,Skincare,0
2025,7,1001,Premier Supermarkets UK,Grocery / Supermarket,BL-SK-SER-03,Vitamin C Serum 50ml,Skincare,0
2025,7,1001,Premier Supermarkets UK,Grocery / Supermarket,BL-NU-COL-06,Marine Collagen Peptides Powder 300g,Nutrition,0
2025,7,1002,Chemist & Beauty Direct,Health & Beauty Specialist,BL-SK-CLN-03,Purifying Cleanser 200ml,Skincare,350
2025,7,1002,Chemist & Beauty Direct,Health & Beauty Specialist,BL-SK-HYD-02,Daily Hydration Cream 50ml,Skincare,480
2025,7,1002,Chemist & Beauty Direct,Health & Beauty Specialist,BL-SK-EXF-09,Gentle AHA/BHA Exfoliating Toner 100ml,Skincare,230
2025,7,1002,Chemist & Beauty Direct,Health & Beauty Specialist,BL-SK-EYE-08,Revitalizing Eye Contour Cream 15ml,Skincare,180
2025,7,1002,Chemist & Beauty Direct,Health & Beauty Specialist,BL-SK-SER-01,Anti-Aging Serum 50ml,Skincare,290
2025,7,1002,Chemist & Beauty Direct,Health & Beauty Specialist,BL-SK-SER-02,Hydration Serum 50ml,Skincare,400
2025,7,1002,Chemist & Beauty Direct,Health & Beauty Specialist,BL-SK-SER-03,Vitamin C Serum 50ml,Skincare,460
2025,7,1002,Chemist & Beauty Direct,Health & Beauty Specialist,BL-SU-FAC-04,Invisible Face Sunscreen SPF50 50ml,Suncare,250
2025,7,1002,Chemist & Beauty Direct,Health & Beauty Specialist,BL-SU-BOD-05,Protective Body Lotion SPF30 200ml,Suncare,150
2025,7,1002,Chemist & Beauty Direct,Health & Beauty Specialist,BL-NU-COL-06,Marine Collagen Peptides Powder 300g,Nutrition,170
2025,7,1002,Chemist & Beauty Direct,Health & Beauty Specialist,BL-NU-VIT-07,Daily Glow Vitamin C Powder 150g,Nutrition,170
2025,7,1002,Chemist & Beauty Direct,Health & Beauty Specialist,BL-NU-GRE-10,Daily Supergreens & Gut Health Powder 250g,Nutrition,100
2025,7,1002,Chemist & Beauty Direct,Health & Beauty Specialist,BL-NU-SLE-11,Nighttime Beauty Sleep Elixir 200g,Nutrition,150
2025,7,1003,St. James & Co. Retail,Department Stores,BL-SK-CLN-03,Purifying Cleanser 200ml,Skincare,160
2025,7,1003,St. James & Co. Retail,Department Stores,BL-SK-HYD-02,Daily Hydration Cream 50ml,Skincare,220
2025,7,1003,St. James & Co. Retail,Department Stores,BL-SK-EXF-09,Gentle AHA/BHA Exfoliating Toner 100ml,Skincare,120
2025,7,1003,St. James & Co. Retail,Department Stores,BL-SK-EYE-08,Revitalizing Eye Contour Cream 15ml,Skincare,95
2025,7,1003,St. James & Co. Retail,Department Stores,BL-SK-SER-01,Anti-Aging Serum 50ml,Skincare,145
2025,7,1003,St. James & Co. Retail,Department Stores,BL-SK-SER-02,Hydration Serum 50ml,Skincare,165
2025,7,1003,St. James & Co. Retail,Department Stores,BL-SK-SER-03,Vitamin C Serum 50ml,Skincare,180
2025,7,1003,St. James & Co. Retail,Department Stores,BL-SU-FAC-04,Invisible Face Sunscreen SPF50 50ml,Suncare,140
2025,7,1003,St. James & Co. Retail,Department Stores,BL-SU-BOD-05,Protective Body Lotion SPF30 200ml,Suncare,90
2025,7,1003,St. James & Co. Retail,Department Stores,BL-NU-COL-06,Marine Collagen Peptides Powder 300g,Nutrition,80
2025,7,1003,St. James & Co. Retail,Department Stores,BL-NU-VIT-07,Daily Glow Vitamin C Powder 150g,Nutrition,95
2025,7,1003,St. James & Co. Retail,Department Stores,BL-NU-GRE-10,Daily Supergreens & Gut Health Powder 250g,Nutrition,80
2025,7,1003,St. James & Co. Retail,Department Stores,BL-NU-SLE-11,Nighttime Beauty Sleep Elixir 200g,Nutrition,105
2025,7,1005,GlowOnline UK,Digital / E-Commerce,BL-SK-CLN-03,Purifying Cleanser 200ml,Skincare,600
2025,7,1005,GlowOnline UK,Digital / E-Commerce,BL-SK-HYD-02,Daily Hydration Cream 50ml,Skincare,690
2025,7,1005,GlowOnline UK,Digital / E-Commerce,BL-SK-EXF-09,Gentle AHA/BHA Exfoliating Toner 100ml,Skincare,350
2025,7,1005,GlowOnline UK,Digital / E-Commerce,BL-SK-EYE-08,Revitalizing Eye Contour Cream 15ml,Skincare,315
2025,7,1005,GlowOnline UK,Digital / E-Commerce,BL-SK-SER-01,Anti-Aging Serum 50ml,Skincare,410
2025,7,1005,GlowOnline UK,Digital / E-Commerce,BL-SK-SER-02,Hydration Serum 50ml,Skincare,580
2025,7,1005,GlowOnline UK,Digital / E-Commerce,BL-SK-SER-03,Vitamin C Serum 50ml,Skincare,680
2025,7,1005,GlowOnline UK,Digital / E-Commerce,BL-SU-FAC-04,Invisible Face Sunscreen SPF50 50ml,Suncare,430
2025,7,1005,GlowOnline UK,Digital / E-Commerce,BL-SU-BOD-05,Protective Body Lotion SPF30 200ml,Suncare,270
2025,7,1005,GlowOnline UK,Digital / E-Commerce,BL-NU-COL-06,Marine Collagen Peptides Powder 300g,Nutrition,420
2025,7,1005,GlowOnline UK,Digital / E-Commerce,BL-NU-VIT-07,Daily Glow Vitamin C Powder 150g,Nutrition,380
2025,7,1005,GlowOnline UK,Digital / E-Commerce,BL-NU-GRE-10,Daily Supergreens & Gut Health Powder 250g,Nutrition,250
2025,7,1005,GlowOnline UK,Digital / E-Commerce,BL-NU-SLE-11,Nighttime Beauty Sleep Elixir 200g,Nutrition,265
2025,7,1006,Highland Pharmacy Group,Regional Pharmacy Chain,BL-SK-CLN-03,Purifying Cleanser 200ml,Skincare,115
2025,7,1006,Highland Pharmacy Group,Regional Pharmacy Chain,BL-SK-HYD-02,Daily Hydration Cream 50ml,Skincare,165
2025,7,1006,Highland Pharmacy Group,Regional Pharmacy Chain,BL-SK-EXF-09,Gentle AHA/BHA Exfoliating Toner 100ml,Skincare,0
2025,7,1006,Highland Pharmacy Group,Regional Pharmacy Chain,BL-SK-EYE-08,Revitalizing Eye Contour Cream 15ml,Skincare,50
2025,7,1006,Highland Pharmacy Group,Regional Pharmacy Chain,BL-SK-SER-01,Anti-Aging Serum 50ml,Skincare,58
2025,7,1006,Highland Pharmacy Group,Regional Pharmacy Chain,BL-SK-SER-02,Hydration Serum 50ml,Skincare,85
2025,7,1006,Highland Pharmacy Group,Regional Pharmacy Chain,BL-SK-SER-03,Vitamin C Serum 50ml,Skincare,100
2025,7,1006,Highland Pharmacy Group,Regional Pharmacy Chain,BL-SU-FAC-04,Invisible Face Sunscreen SPF50 50ml,Suncare,120
2025,7,1006,Highland Pharmacy Group,Regional Pharmacy Chain,BL-SU-BOD-05,Protective Body Lotion SPF30 200ml,Suncare,75
2025,7,1006,Highland Pharmacy Group,Regional Pharmacy Chain,BL-NU-COL-06,Marine Collagen Peptides Powder 300g,Nutrition,100
2025,7,1006,Highland Pharmacy Group,Regional Pharmacy Chain,BL-NU-VIT-07,Daily Glow Vitamin C Powder 150g,Nutrition,85
2025,7,1006,Highland Pharmacy Group,Regional Pharmacy Chain,BL-NU-GRE-10,Daily Supergreens & Gut Health Powder 250g,Nutrition,0
2025,7,1006,Highland Pharmacy Group,Regional Pharmacy Chain,BL-NU-SLE-11,Nighttime Beauty Sleep Elixir 200g,Nutrition,75
2025,7,1007,Urban Luxe Boutiques,Specialty Retail,BL-SK-CLN-03,Purifying Cleanser 200ml,Skincare,0
2025,7,1007,Urban Luxe Boutiques,Specialty Retail,BL-SK-HYD-02,Daily Hydration Cream 50ml,Skincare,0
2025,7,1007,Urban Luxe Boutiques,Specialty Retail,BL-SK-EXF-09,Gentle AHA/BHA Exfoliating Toner 100ml,Skincare,40
2025,7,1007,Urban Luxe Boutiques,Specialty Retail,BL-SK-EYE-08,Revitalizing Eye Contour Cream 15ml,Skincare,0
2025,7,1007,Urban Luxe Boutiques,Specialty Retail,BL-SK-SER-01,Anti-Aging Serum 50ml,Skincare,68
2025,7,1007,Urban Luxe Boutiques,Specialty Retail,BL-SK-SER-02,Hydration Serum 50ml,Skincare,0
2025,7,1007,Urban Luxe Boutiques,Specialty Retail,BL-SK-SER-03,Vitamin C Serum 50ml,Skincare,125
2025,7,1007,Urban Luxe Boutiques,Specialty Retail,BL-SU-FAC-04,Invisible Face Sunscreen SPF50 50ml,Suncare,70
2025,7,1007,Urban Luxe Boutiques,Specialty Retail,BL-SU-BOD-05,Protective Body Lotion SPF30 200ml,Suncare,0
2025,7,1007,Urban Luxe Boutiques,Specialty Retail,BL-NU-COL-06,Marine Collagen Peptides Powder 300g,Nutrition,100
2025,7,1007,Urban Luxe Boutiques,Specialty Retail,BL-NU-VIT-07,Daily Glow Vitamin C Powder 150g,Nutrition,0
2025,7,1007,Urban Luxe Boutiques,Specialty Retail,BL-NU-GRE-10,Daily Supergreens & Gut Health Powder 250g,Nutrition,0
2025,7,1007,Urban Luxe Boutiques,Specialty Retail,BL-NU-SLE-11,Nighttime Beauty Sleep Elixir 200g,Nutrition,58
2025,8,1001,Premier Supermarkets UK,Grocery / Supermarket,BL-SK-CLN-03,Purifying Cleanser 200ml,Skincare,520
2025,8,1001,Premier Supermarkets UK,Grocery / Supermarket,BL-SK-HYD-02,Daily Hydration Cream 50ml,Skincare,680
2025,8,1001,Premier Supermarkets UK,Grocery / Supermarket,BL-SK-EXF-09,Gentle AHA/BHA Exfoliating Toner 100ml,Skincare,280
2025,8,1001,Premier Supermarkets UK,Grocery / Supermarket,BL-SK-EYE-08,Revitalizing Eye Contour Cream 15ml,Skincare,200
2025,8,1001,Premier Supermarkets UK,Grocery / Supermarket,BL-SU-FAC-04,Invisible Face Sunscreen SPF50 50ml,Suncare,420
2025,8,1001,Premier Supermarkets UK,Grocery / Supermarket,BL-SU-BOD-05,Protective Body Lotion SPF30 200ml,Suncare,260
2025,8,1001,Premier Supermarkets UK,Grocery / Supermarket,BL-NU-VIT-07,Daily Glow Vitamin C Powder 150g,Nutrition,600
2025,8,1001,Premier Supermarkets UK,Grocery / Supermarket,BL-NU-GRE-10,Daily Supergreens & Gut Health Powder 250g,Nutrition,400
2025,8,1001,Premier Supermarkets UK,Grocery / Supermarket,BL-NU-SLE-11,Nighttime Beauty Sleep Elixir 200g,Nutrition,180
2025,8,1001,Premier Supermarkets UK,Grocery / Supermarket,BL-SK-SER-01,Anti-Aging Serum 50ml,Skincare,0
2025,8,1001,Premier Supermarkets UK,Grocery / Supermarket,BL-SK-SER-02,Hydration Serum 50ml,Skincare,0
2025,8,1001,Premier Supermarkets UK,Grocery / Supermarket,BL-SK-SER-03,Vitamin C Serum 50ml,Skincare,0
2025,8,1001,Premier Supermarkets UK,Grocery / Supermarket,BL-NU-COL-06,Marine Collagen Peptides Powder 300g,Nutrition,0
2025,8,1002,Chemist & Beauty Direct,Health & Beauty Specialist,BL-SK-CLN-03,Purifying Cleanser 200ml,Skincare,330
2025,8,1002,Chemist & Beauty Direct,Health & Beauty Specialist,BL-SK-HYD-02,Daily Hydration Cream 50ml,Skincare,460
2025,8,1002,Chemist & Beauty Direct,Health & Beauty Specialist,BL-SK-EXF-09,Gentle AHA/BHA Exfoliating Toner 100ml,Skincare,220
2025,8,1002,Chemist & Beauty Direct,Health & Beauty Specialist,BL-SK-EYE-08,Revitalizing Eye Contour Cream 15ml,Skincare,175
2025,8,1002,Chemist & Beauty Direct,Health & Beauty Specialist,BL-SK-SER-01,Anti-Aging Serum 50ml,Skincare,280
2025,8,1002,Chemist & Beauty Direct,Health & Beauty Specialist,BL-SK-SER-02,Hydration Serum 50ml,Skincare,390
2025,8,1002,Chemist & Beauty Direct,Health & Beauty Specialist,BL-SK-SER-03,Vitamin C Serum 50ml,Skincare,440
2025,8,1002,Chemist & Beauty Direct,Health & Beauty Specialist,BL-SU-FAC-04,Invisible Face Sunscreen SPF50 50ml,Suncare,200
2025,8,1002,Chemist & Beauty Direct,Health & Beauty Specialist,BL-SU-BOD-05,Protective Body Lotion SPF30 200ml,Suncare,120
2025,8,1002,Chemist & Beauty Direct,Health & Beauty Specialist,BL-NU-COL-06,Marine Collagen Peptides Powder 300g,Nutrition,170
2025,8,1002,Chemist & Beauty Direct,Health & Beauty Specialist,BL-NU-VIT-07,Daily Glow Vitamin C Powder 150g,Nutrition,170
2025,8,1002,Chemist & Beauty Direct,Health & Beauty Specialist,BL-NU-GRE-10,Daily Supergreens & Gut Health Powder 250g,Nutrition,100
2025,8,1002,Chemist & Beauty Direct,Health & Beauty Specialist,BL-NU-SLE-11,Nighttime Beauty Sleep Elixir 200g,Nutrition,160
2025,8,1003,St. James & Co. Retail,Department Stores,BL-SK-CLN-03,Purifying Cleanser 200ml,Skincare,150
2025,8,1003,St. James & Co. Retail,Department Stores,BL-SK-HYD-02,Daily Hydration Cream 50ml,Skincare,210
2025,8,1003,St. James & Co. Retail,Department Stores,BL-SK-EXF-09,Gentle AHA/BHA Exfoliating Toner 100ml,Skincare,115
2025,8,1003,St. James & Co. Retail,Department Stores,BL-SK-EYE-08,Revitalizing Eye Contour Cream 15ml,Skincare,90
2025,8,1003,St. James & Co. Retail,Department Stores,BL-SK-SER-01,Anti-Aging Serum 50ml,Skincare,140
2025,8,1003,St. James & Co. Retail,Department Stores,BL-SK-SER-02,Hydration Serum 50ml,Skincare,160
2025,8,1003,St. James & Co. Retail,Department Stores,BL-SK-SER-03,Vitamin C Serum 50ml,Skincare,175
2025,8,1003,St. James & Co. Retail,Department Stores,BL-SU-FAC-04,Invisible Face Sunscreen SPF50 50ml,Suncare,110
2025,8,1003,St. James & Co. Retail,Department Stores,BL-SU-BOD-05,Protective Body Lotion SPF30 200ml,Suncare,70
2025,8,1003,St. James & Co. Retail,Department Stores,BL-NU-COL-06,Marine Collagen Peptides Powder 300g,Nutrition,80
2025,8,1003,St. James & Co. Retail,Department Stores,BL-NU-VIT-07,Daily Glow Vitamin C Powder 150g,Nutrition,95
2025,8,1003,St. James & Co. Retail,Department Stores,BL-NU-GRE-10,Daily Supergreens & Gut Health Powder 250g,Nutrition,80
2025,8,1003,St. James & Co. Retail,Department Stores,BL-NU-SLE-11,Nighttime Beauty Sleep Elixir 200g,Nutrition,110
2025,8,1005,GlowOnline UK,Digital / E-Commerce,BL-SK-CLN-03,Purifying Cleanser 200ml,Skincare,580
2025,8,1005,GlowOnline UK,Digital / E-Commerce,BL-SK-HYD-02,Daily Hydration Cream 50ml,Skincare,670
2025,8,1005,GlowOnline UK,Digital / E-Commerce,BL-SK-EXF-09,Gentle AHA/BHA Exfoliating Toner 100ml,Skincare,340
2025,8,1005,GlowOnline UK,Digital / E-Commerce,BL-SK-EYE-08,Revitalizing Eye Contour Cream 15ml,Skincare,310
2025,8,1005,GlowOnline UK,Digital / E-Commerce,BL-SK-SER-01,Anti-Aging Serum 50ml,Skincare,400
2025,8,1005,GlowOnline UK,Digital / E-Commerce,BL-SK-SER-02,Hydration Serum 50ml,Skincare,560
2025,8,1005,GlowOnline UK,Digital / E-Commerce,BL-SK-SER-03,Vitamin C Serum 50ml,Skincare,660
2025,8,1005,GlowOnline UK,Digital / E-Commerce,BL-SU-FAC-04,Invisible Face Sunscreen SPF50 50ml,Suncare,350
2025,8,1005,GlowOnline UK,Digital / E-Commerce,BL-SU-BOD-05,Protective Body Lotion SPF30 200ml,Suncare,220
2025,8,1005,GlowOnline UK,Digital / E-Commerce,BL-NU-COL-06,Marine Collagen Peptides Powder 300g,Nutrition,420
2025,8,1005,GlowOnline UK,Digital / E-Commerce,BL-NU-VIT-07,Daily Glow Vitamin C Powder 150g,Nutrition,380
2025,8,1005,GlowOnline UK,Digital / E-Commerce,BL-NU-GRE-10,Daily Supergreens & Gut Health Powder 250g,Nutrition,250
2025,8,1005,GlowOnline UK,Digital / E-Commerce,BL-NU-SLE-11,Nighttime Beauty Sleep Elixir 200g,Nutrition,270
2025,8,1006,Highland Pharmacy Group,Regional Pharmacy Chain,BL-SK-CLN-03,Purifying Cleanser 200ml,Skincare,110
2025,8,1006,Highland Pharmacy Group,Regional Pharmacy Chain,BL-SK-HYD-02,Daily Hydration Cream 50ml,Skincare,160
2025,8,1006,Highland Pharmacy Group,Regional Pharmacy Chain,BL-SK-EXF-09,Gentle AHA/BHA Exfoliating Toner 100ml,Skincare,0
2025,8,1006,Highland Pharmacy Group,Regional Pharmacy Chain,BL-SK-EYE-08,Revitalizing Eye Contour Cream 15ml,Skincare,48
2025,8,1006,Highland Pharmacy Group,Regional Pharmacy Chain,BL-SK-SER-01,Anti-Aging Serum 50ml,Skincare,55
2025,8,1006,Highland Pharmacy Group,Regional Pharmacy Chain,BL-SK-SER-02,Hydration Serum 50ml,Skincare,80
2025,8,1006,Highland Pharmacy Group,Regional Pharmacy Chain,BL-SK-SER-03,Vitamin C Serum 50ml,Skincare,95
2025,8,1006,Highland Pharmacy Group,Regional Pharmacy Chain,BL-SU-FAC-04,Invisible Face Sunscreen SPF50 50ml,Suncare,90
2025,8,1006,Highland Pharmacy Group,Regional Pharmacy Chain,BL-SU-BOD-05,Protective Body Lotion SPF30 200ml,Suncare,55
2025,8,1006,Highland Pharmacy Group,Regional Pharmacy Chain,BL-NU-COL-06,Marine Collagen Peptides Powder 300g,Nutrition,100
2025,8,1006,Highland Pharmacy Group,Regional Pharmacy Chain,BL-NU-VIT-07,Daily Glow Vitamin C Powder 150g,Nutrition,85
2025,8,1006,Highland Pharmacy Group,Regional Pharmacy Chain,BL-NU-GRE-10,Daily Supergreens & Gut Health Powder 250g,Nutrition,0
2025,8,1006,Highland Pharmacy Group,Regional Pharmacy Chain,BL-NU-SLE-11,Nighttime Beauty Sleep Elixir 200g,Nutrition,80
2025,8,1007,Urban Luxe Boutiques,Specialty Retail,BL-SK-CLN-03,Purifying Cleanser 200ml,Skincare,0
2025,8,1007,Urban Luxe Boutiques,Specialty Retail,BL-SK-HYD-02,Daily Hydration Cream 50ml,Skincare,0
2025,8,1007,Urban Luxe Boutiques,Specialty Retail,BL-SK-EXF-09,Gentle AHA/BHA Exfoliating Toner 100ml,Skincare,38
2025,8,1007,Urban Luxe Boutiques,Specialty Retail,BL-SK-EYE-08,Revitalizing Eye Contour Cream 15ml,Skincare,0
2025,8,1007,Urban Luxe Boutiques,Specialty Retail,BL-SK-SER-01,Anti-Aging Serum 50ml,Skincare,65
2025,8,1007,Urban Luxe Boutiques,Specialty Retail,BL-SK-SER-02,Hydration Serum 50ml,Skincare,0
2025,8,1007,Urban Luxe Boutiques,Specialty Retail,BL-SK-SER-03,Vitamin C Serum 50ml,Skincare,120
2025,8,1007,Urban Luxe Boutiques,Specialty Retail,BL-SU-FAC-04,Invisible Face Sunscreen SPF50 50ml,Suncare,50
2025,8,1007,Urban Luxe Boutiques,Specialty Retail,BL-SU-BOD-05,Protective Body Lotion SPF30 200ml,Suncare,0
2025,8,1007,Urban Luxe Boutiques,Specialty Retail,BL-NU-COL-06,Marine Collagen Peptides Powder 300g,Nutrition,100
2025,8,1007,Urban Luxe Boutiques,Specialty Retail,BL-NU-VIT-07,Daily Glow Vitamin C Powder 150g,Nutrition,0
2025,8,1007,Urban Luxe Boutiques,Specialty Retail,BL-NU-GRE-10,Daily Supergreens & Gut Health Powder 250g,Nutrition,0
2025,8,1007,Urban Luxe Boutiques,Specialty Retail,BL-NU-SLE-11,Nighttime Beauty Sleep Elixir 200g,Nutrition,60
2025,9,1001,Premier Supermarkets UK,Grocery / Supermarket,BL-SK-CLN-03,Purifying Cleanser 200ml,Skincare,580
2025,9,1001,Premier Supermarkets UK,Grocery / Supermarket,BL-SK-HYD-02,Daily Hydration Cream 50ml,Skincare,750
2025,9,1001,Premier Supermarkets UK,Grocery / Supermarket,BL-SK-EXF-09,Gentle AHA/BHA Exfoliating Toner 100ml,Skincare,310
2025,9,1001,Premier Supermarkets UK,Grocery / Supermarket,BL-SK-EYE-08,Revitalizing Eye Contour Cream 15ml,Skincare,220
2025,9,1001,Premier Supermarkets UK,Grocery / Supermarket,BL-SU-FAC-04,Invisible Face Sunscreen SPF50 50ml,Suncare,300
2025,9,1001,Premier Supermarkets UK,Grocery / Supermarket,BL-SU-BOD-05,Protective Body Lotion SPF30 200ml,Suncare,180
2025,9,1001,Premier Supermarkets UK,Grocery / Supermarket,BL-NU-VIT-07,Daily Glow Vitamin C Powder 150g,Nutrition,650
2025,9,1001,Premier Supermarkets UK,Grocery / Supermarket,BL-NU-GRE-10,Daily Supergreens & Gut Health Powder 250g,Nutrition,430
2025,9,1001,Premier Supermarkets UK,Grocery / Supermarket,BL-NU-SLE-11,Nighttime Beauty Sleep Elixir 200g,Nutrition,190
2025,9,1001,Premier Supermarkets UK,Grocery / Supermarket,BL-SK-SER-01,Anti-Aging Serum 50ml,Skincare,0
2025,9,1001,Premier Supermarkets UK,Grocery / Supermarket,BL-SK-SER-02,Hydration Serum 50ml,Skincare,0
2025,9,1001,Premier Supermarkets UK,Grocery / Supermarket,BL-SK-SER-03,Vitamin C Serum 50ml,Skincare,0
2025,9,1001,Premier Supermarkets UK,Grocery / Supermarket,BL-NU-COL-06,Marine Collagen Peptides Powder 300g,Nutrition,0
2025,9,1002,Chemist & Beauty Direct,Health & Beauty Specialist,BL-SK-CLN-03,Purifying Cleanser 200ml,Skincare,370
2025,9,1002,Chemist & Beauty Direct,Health & Beauty Specialist,BL-SK-HYD-02,Daily Hydration Cream 50ml,Skincare,510
2025,9,1002,Chemist & Beauty Direct,Health & Beauty Specialist,BL-SK-EXF-09,Gentle AHA/BHA Exfoliating Toner 100ml,Skincare,250
2025,9,1002,Chemist & Beauty Direct,Health & Beauty Specialist,BL-SK-EYE-08,Revitalizing Eye Contour Cream 15ml,Skincare,195
2025,9,1002,Chemist & Beauty Direct,Health & Beauty Specialist,BL-SK-SER-01,Anti-Aging Serum 50ml,Skincare,310
2025,9,1002,Chemist & Beauty Direct,Health & Beauty Specialist,BL-SK-SER-02,Hydration Serum 50ml,Skincare,430
2025,9,1002,Chemist & Beauty Direct,Health & Beauty Specialist,BL-SK-SER-03,Vitamin C Serum 50ml,Skincare,490
2025,9,1002,Chemist & Beauty Direct,Health & Beauty Specialist,BL-SU-FAC-04,Invisible Face Sunscreen SPF50 50ml,Suncare,180
2025,9,1002,Chemist & Beauty Direct,Health & Beauty Specialist,BL-SU-BOD-05,Protective Body Lotion SPF30 200ml,Suncare,110
2025,9,1002,Chemist & Beauty Direct,Health & Beauty Specialist,BL-NU-COL-06,Marine Collagen Peptides Powder 300g,Nutrition,180
2025,9,1002,Chemist & Beauty Direct,Health & Beauty Specialist,BL-NU-VIT-07,Daily Glow Vitamin C Powder 150g,Nutrition,180
2025,9,1002,Chemist & Beauty Direct,Health & Beauty Specialist,BL-NU-GRE-10,Daily Supergreens & Gut Health Powder 250g,Nutrition,110
2025,9,1002,Chemist & Beauty Direct,Health & Beauty Specialist,BL-NU-SLE-11,Nighttime Beauty Sleep Elixir 200g,Nutrition,170
2025,9,1003,St. James & Co. Retail,Department Stores,BL-SK-CLN-03,Purifying Cleanser 200ml,Skincare,170
2025,9,1003,St. James & Co. Retail,Department Stores,BL-SK-HYD-02,Daily Hydration Cream 50ml,Skincare,230
2025,9,1003,St. James & Co. Retail,Department Stores,BL-SK-EXF-09,Gentle AHA/BHA Exfoliating Toner 100ml,Skincare,130
2025,9,1003,St. James & Co. Retail,Department Stores,BL-SK-EYE-08,Revitalizing Eye Contour Cream 15ml,Skincare,100
2025,9,1003,St. James & Co. Retail,Department Stores,BL-SK-SER-01,Anti-Aging Serum 50ml,Skincare,155
2025,9,1003,St. James & Co. Retail,Department Stores,BL-SK-SER-02,Hydration Serum 50ml,Skincare,175
2025,9,1003,St. James & Co. Retail,Department Stores,BL-SK-SER-03,Vitamin C Serum 50ml,Skincare,195
2025,9,1003,St. James & Co. Retail,Department Stores,BL-SU-FAC-04,Invisible Face Sunscreen SPF50 50ml,Suncare,100
2025,9,1003,St. James & Co. Retail,Department Stores,BL-SU-BOD-05,Protective Body Lotion SPF30 200ml,Suncare,65
2025,9,1003,St. James & Co. Retail,Department Stores,BL-NU-COL-06,Marine Collagen Peptides Powder 300g,Nutrition,90
2025,9,1003,St. James & Co. Retail,Department Stores,BL-NU-VIT-07,Daily Glow Vitamin C Powder 150g,Nutrition,105
2025,9,1003,St. James & Co. Retail,Department Stores,BL-NU-GRE-10,Daily Supergreens & Gut Health Powder 250g,Nutrition,90
2025,9,1003,St. James & Co. Retail,Department Stores,BL-NU-SLE-11,Nighttime Beauty Sleep Elixir 200g,Nutrition,120
2025,9,1005,GlowOnline UK,Digital / E-Commerce,BL-SK-CLN-03,Purifying Cleanser 200ml,Skincare,640
2025,9,1005,GlowOnline UK,Digital / E-Commerce,BL-SK-HYD-02,Daily Hydration Cream 50ml,Skincare,740
2025,9,1005,GlowOnline UK,Digital / E-Commerce,BL-SK-EXF-09,Gentle AHA/BHA Exfoliating Toner 100ml,Skincare,380
2025,9,1005,GlowOnline UK,Digital / E-Commerce,BL-SK-EYE-08,Revitalizing Eye Contour Cream 15ml,Skincare,340
2025,9,1005,GlowOnline UK,Digital / E-Commerce,BL-SK-SER-01,Anti-Aging Serum 50ml,Skincare,440
2025,9,1005,GlowOnline UK,Digital / E-Commerce,BL-SK-SER-02,Hydration Serum 50ml,Skincare,620
2025,9,1005,GlowOnline UK,Digital / E-Commerce,BL-SK-SER-03,Vitamin C Serum 50ml,Skincare,730
2025,9,1005,GlowOnline UK,Digital / E-Commerce,BL-SU-FAC-04,Invisible Face Sunscreen SPF50 50ml,Suncare,250
2025,9,1005,GlowOnline UK,Digital / E-Commerce,BL-SU-BOD-05,Protective Body Lotion SPF30 200ml,Suncare,160
2025,9,1005,GlowOnline UK,Digital / E-Commerce,BL-NU-COL-06,Marine Collagen Peptides Powder 300g,Nutrition,460
2025,9,1005,GlowOnline UK,Digital / E-Commerce,BL-NU-VIT-07,Daily Glow Vitamin C Powder 150g,Nutrition,410
2025,9,1005,GlowOnline UK,Digital / E-Commerce,BL-NU-GRE-10,Daily Supergreens & Gut Health Powder 250g,Nutrition,280
2025,9,1005,GlowOnline UK,Digital / E-Commerce,BL-NU-SLE-11,Nighttime Beauty Sleep Elixir 200g,Nutrition,300
2025,9,1006,Highland Pharmacy Group,Regional Pharmacy Chain,BL-SK-CLN-03,Purifying Cleanser 200ml,Skincare,120
2025,9,1006,Highland Pharmacy Group,Regional Pharmacy Chain,BL-SK-HYD-02,Daily Hydration Cream 50ml,Skincare,170
2025,9,1006,Highland Pharmacy Group,Regional Pharmacy Chain,BL-SK-EXF-09,Gentle AHA/BHA Exfoliating Toner 100ml,Skincare,0
2025,9,1006,Highland Pharmacy Group,Regional Pharmacy Chain,BL-SK-EYE-08,Revitalizing Eye Contour Cream 15ml,Skincare,52
2025,9,1006,Highland Pharmacy Group,Regional Pharmacy Chain,BL-SK-SER-01,Anti-Aging Serum 50ml,Skincare,62
2025,9,1006,Highland Pharmacy Group,Regional Pharmacy Chain,BL-SK-SER-02,Hydration Serum 50ml,Skincare,90
2025,9,1006,Highland Pharmacy Group,Regional Pharmacy Chain,BL-SK-SER-03,Vitamin C Serum 50ml,Skincare,105
2025,9,1006,Highland Pharmacy Group,Regional Pharmacy Chain,BL-SU-FAC-04,Invisible Face Sunscreen SPF50 50ml,Suncare,80
2025,9,1006,Highland Pharmacy Group,Regional Pharmacy Chain,BL-SU-BOD-05,Protective Body Lotion SPF30 200ml,Suncare,50
2025,9,1006,Highland Pharmacy Group,Regional Pharmacy Chain,BL-NU-COL-06,Marine Collagen Peptides Powder 300g,Nutrition,105
2025,9,1006,Highland Pharmacy Group,Regional Pharmacy Chain,BL-NU-VIT-07,Daily Glow Vitamin C Powder 150g,Nutrition,90
2025,9,1006,Highland Pharmacy Group,Regional Pharmacy Chain,BL-NU-GRE-10,Daily Supergreens & Gut Health Powder 250g,Nutrition,0
2025,9,1006,Highland Pharmacy Group,Regional Pharmacy Chain,BL-NU-SLE-11,Nighttime Beauty Sleep Elixir 200g,Nutrition,85
2025,9,1007,Urban Luxe Boutiques,Specialty Retail,BL-SK-CLN-03,Purifying Cleanser 200ml,Skincare,0
2025,9,1007,Urban Luxe Boutiques,Specialty Retail,BL-SK-HYD-02,Daily Hydration Cream 50ml,Skincare,0
2025,9,1007,Urban Luxe Boutiques,Specialty Retail,BL-SK-EXF-09,Gentle AHA/BHA Exfoliating Toner 100ml,Skincare,45
2025,9,1007,Urban Luxe Boutiques,Specialty Retail,BL-SK-EYE-08,Revitalizing Eye Contour Cream 15ml,Skincare,0
2025,9,1007,Urban Luxe Boutiques,Specialty Retail,BL-SK-SER-01,Anti-Aging Serum 50ml,Skincare,72
2025,9,1007,Urban Luxe Boutiques,Specialty Retail,BL-SK-SER-02,Hydration Serum 50ml,Skincare,0
2025,9,1007,Urban Luxe Boutiques,Specialty Retail,BL-SK-SER-03,Vitamin C Serum 50ml,Skincare,135
2025,9,1007,Urban Luxe Boutiques,Specialty Retail,BL-SU-FAC-04,Invisible Face Sunscreen SPF50 50ml,Suncare,40
2025,9,1007,Urban Luxe Boutiques,Specialty Retail,BL-SU-BOD-05,Protective Body Lotion SPF30 200ml,Suncare,0
2025,9,1007,Urban Luxe Boutiques,Specialty Retail,BL-NU-COL-06,Marine Collagen Peptides Powder 300g,Nutrition,105
2025,9,1007,Urban Luxe Boutiques,Specialty Retail,BL-NU-VIT-07,Daily Glow Vitamin C Powder 150g,Nutrition,0
2025,9,1007,Urban Luxe Boutiques,Specialty Retail,BL-NU-GRE-10,Daily Supergreens & Gut Health Powder 250g,Nutrition,0
2025,9,1007,Urban Luxe Boutiques,Specialty Retail,BL-NU-SLE-11,Nighttime Beauty Sleep Elixir 200g,Nutrition,65
2025,10,1001,Premier Supermarkets UK,Grocery / Supermarket,BL-SK-CLN-03,Purifying Cleanser 200ml,Skincare,550
2025,10,1001,Premier Supermarkets UK,Grocery / Supermarket,BL-SK-HYD-02,Daily Hydration Cream 50ml,Skincare,720
2025,10,1001,Premier Supermarkets UK,Grocery / Supermarket,BL-SK-EXF-09,Gentle AHA/BHA Exfoliating Toner 100ml,Skincare,300
2025,10,1001,Premier Supermarkets UK,Grocery / Supermarket,BL-SK-EYE-08,Revitalizing Eye Contour Cream 15ml,Skincare,210
2025,10,1001,Premier Supermarkets UK,Grocery / Supermarket,BL-SU-FAC-04,Invisible Face Sunscreen SPF50 50ml,Suncare,240
2025,10,1001,Premier Supermarkets UK,Grocery / Supermarket,BL-SU-BOD-05,Protective Body Lotion SPF30 200ml,Suncare,150
2025,10,1001,Premier Supermarkets UK,Grocery / Supermarket,BL-NU-VIT-07,Daily Glow Vitamin C Powder 150g,Nutrition,620
2025,10,1001,Premier Supermarkets UK,Grocery / Supermarket,BL-NU-GRE-10,Daily Supergreens & Gut Health Powder 250g,Nutrition,420
2025,10,1001,Premier Supermarkets UK,Grocery / Supermarket,BL-NU-SLE-11,Nighttime Beauty Sleep Elixir 200g,Nutrition,200
2025,10,1001,Premier Supermarkets UK,Grocery / Supermarket,BL-SK-SER-01,Anti-Aging Serum 50ml,Skincare,0
2025,10,1001,Premier Supermarkets UK,Grocery / Supermarket,BL-SK-SER-02,Hydration Serum 50ml,Skincare,0
2025,10,1001,Premier Supermarkets UK,Grocery / Supermarket,BL-SK-SER-03,Vitamin C Serum 50ml,Skincare,0
2025,10,1001,Premier Supermarkets UK,Grocery / Supermarket,BL-NU-COL-06,Marine Collagen Peptides Powder 300g,Nutrition,0
2025,10,1002,Chemist & Beauty Direct,Health & Beauty Specialist,BL-SK-CLN-03,Purifying Cleanser 200ml,Skincare,350
2025,10,1002,Chemist & Beauty Direct,Health & Beauty Specialist,BL-SK-HYD-02,Daily Hydration Cream 50ml,Skincare,480
2025,10,1002,Chemist & Beauty Direct,Health & Beauty Specialist,BL-SK-EXF-09,Gentle AHA/BHA Exfoliating Toner 100ml,Skincare,240
2025,10,1002,Chemist & Beauty Direct,Health & Beauty Specialist,BL-SK-EYE-08,Revitalizing Eye Contour Cream 15ml,Skincare,185
2025,10,1002,Chemist & Beauty Direct,Health & Beauty Specialist,BL-SK-SER-01,Anti-Aging Serum 50ml,Skincare,300
2025,10,1002,Chemist & Beauty Direct,Health & Beauty Specialist,BL-SK-SER-02,Hydration Serum 50ml,Skincare,410
2025,10,1002,Chemist & Beauty Direct,Health & Beauty Specialist,BL-SK-SER-03,Vitamin C Serum 50ml,Skincare,470
2025,10,1002,Chemist & Beauty Direct,Health & Beauty Specialist,BL-SU-FAC-04,Invisible Face Sunscreen SPF50 50ml,Suncare,160
2025,10,1002,Chemist & Beauty Direct,Health & Beauty Specialist,BL-SU-BOD-05,Protective Body Lotion SPF30 200ml,Suncare,100
2025,10,1002,Chemist & Beauty Direct,Health & Beauty Specialist,BL-NU-COL-06,Marine Collagen Peptides Powder 300g,Nutrition,175
2025,10,1002,Chemist & Beauty Direct,Health & Beauty Specialist,BL-NU-VIT-07,Daily Glow Vitamin C Powder 150g,Nutrition,175
2025,10,1002,Chemist & Beauty Direct,Health & Beauty Specialist,BL-NU-GRE-10,Daily Supergreens & Gut Health Powder 250g,Nutrition,105
2025,10,1002,Chemist & Beauty Direct,Health & Beauty Specialist,BL-NU-SLE-11,Nighttime Beauty Sleep Elixir 200g,Nutrition,175
2025,10,1003,St. James & Co. Retail,Department Stores,BL-SK-CLN-03,Purifying Cleanser 200ml,Skincare,160
2025,10,1003,St. James & Co. Retail,Department Stores,BL-SK-HYD-02,Daily Hydration Cream 50ml,Skincare,220
2025,10,1003,St. James & Co. Retail,Department Stores,BL-SK-EXF-09,Gentle AHA/BHA Exfoliating Toner 100ml,Skincare,120
2025,10,1003,St. James & Co. Retail,Department Stores,BL-SK-EYE-08,Revitalizing Eye Contour Cream 15ml,Skincare,100
2025,10,1003,St. James & Co. Retail,Department Stores,BL-SK-SER-01,Anti-Aging Serum 50ml,Skincare,150
2025,10,1003,St. James & Co. Retail,Department Stores,BL-SK-SER-02,Hydration Serum 50ml,Skincare,170
2025,10,1003,St. James & Co. Retail,Department Stores,BL-SK-SER-03,Vitamin C Serum 50ml,Skincare,185
2025,10,1003,St. James & Co. Retail,Department Stores,BL-SU-FAC-04,Invisible Face Sunscreen SPF50 50ml,Suncare,90
2025,10,1003,St. James & Co. Retail,Department Stores,BL-SU-BOD-05,Protective Body Lotion SPF30 200ml,Suncare,60
2025,10,1003,St. James & Co. Retail,Department Stores,BL-NU-COL-06,Marine Collagen Peptides Powder 300g,Nutrition,85
2025,10,1003,St. James & Co. Retail,Department Stores,BL-NU-VIT-07,Daily Glow Vitamin C Powder 150g,Nutrition,100
2025,10,1003,St. James & Co. Retail,Department Stores,BL-NU-GRE-10,Daily Supergreens & Gut Health Powder 250g,Nutrition,85
2025,10,1003,St. James & Co. Retail,Department Stores,BL-NU-SLE-11,Nighttime Beauty Sleep Elixir 200g,Nutrition,120
2025,10,1005,GlowOnline UK,Digital / E-Commerce,BL-SK-CLN-03,Purifying Cleanser 200ml,Skincare,600
2025,10,1005,GlowOnline UK,Digital / E-Commerce,BL-SK-HYD-02,Daily Hydration Cream 50ml,Skincare,690
2025,10,1005,GlowOnline UK,Digital / E-Commerce,BL-SK-EXF-09,Gentle AHA/BHA Exfoliating Toner 100ml,Skincare,350
2025,10,1005,GlowOnline UK,Digital / E-Commerce,BL-SK-EYE-08,Revitalizing Eye Contour Cream 15ml,Skincare,320
2025,10,1005,GlowOnline UK,Digital / E-Commerce,BL-SK-SER-01,Anti-Aging Serum 50ml,Skincare,410
2025,10,1005,GlowOnline UK,Digital / E-Commerce,BL-SK-SER-02,Hydration Serum 50ml,Skincare,580
2025,10,1005,GlowOnline UK,Digital / E-Commerce,BL-SK-SER-03,Vitamin C Serum 50ml,Skincare,680
2025,10,1005,GlowOnline UK,Digital / E-Commerce,BL-SU-FAC-04,Invisible Face Sunscreen SPF50 50ml,Suncare,220
2025,10,1005,GlowOnline UK,Digital / E-Commerce,BL-SU-BOD-05,Protective Body Lotion SPF30 200ml,Suncare,140
2025,10,1005,GlowOnline UK,Digital / E-Commerce,BL-NU-COL-06,Marine Collagen Peptides Powder 300g,Nutrition,440
2025,10,1005,GlowOnline UK,Digital / E-Commerce,BL-NU-VIT-07,Daily Glow Vitamin C Powder 150g,Nutrition,390
2025,10,1005,GlowOnline UK,Digital / E-Commerce,BL-NU-GRE-10,Daily Supergreens & Gut Health Powder 250g,Nutrition,260
2025,10,1005,GlowOnline UK,Digital / E-Commerce,BL-NU-SLE-11,Nighttime Beauty Sleep Elixir 200g,Nutrition,310
2025,10,1006,Highland Pharmacy Group,Regional Pharmacy Chain,BL-SK-CLN-03,Purifying Cleanser 200ml,Skincare,115
2025,10,1006,Highland Pharmacy Group,Regional Pharmacy Chain,BL-SK-HYD-02,Daily Hydration Cream 50ml,Skincare,165
2025,10,1006,Highland Pharmacy Group,Regional Pharmacy Chain,BL-SK-EXF-09,Gentle AHA/BHA Exfoliating Toner 100ml,Skincare,0
2025,10,1006,Highland Pharmacy Group,Regional Pharmacy Chain,BL-SK-EYE-08,Revitalizing Eye Contour Cream 15ml,Skincare,50
2025,10,1006,Highland Pharmacy Group,Regional Pharmacy Chain,BL-SK-SER-01,Anti-Aging Serum 50ml,Skincare,60
2025,10,1006,Highland Pharmacy Group,Regional Pharmacy Chain,BL-SK-SER-02,Hydration Serum 50ml,Skincare,85
2025,10,1006,Highland Pharmacy Group,Regional Pharmacy Chain,BL-SK-SER-03,Vitamin C Serum 50ml,Skincare,100
2025,10,1006,Highland Pharmacy Group,Regional Pharmacy Chain,BL-SU-FAC-04,Invisible Face Sunscreen SPF50 50ml,Suncare,70
2025,10,1006,Highland Pharmacy Group,Regional Pharmacy Chain,BL-SU-BOD-05,Protective Body Lotion SPF30 200ml,Suncare,45
2025,10,1006,Highland Pharmacy Group,Regional Pharmacy Chain,BL-NU-COL-06,Marine Collagen Peptides Powder 300g,Nutrition,100
2025,10,1006,Highland Pharmacy Group,Regional Pharmacy Chain,BL-NU-VIT-07,Daily Glow Vitamin C Powder 150g,Nutrition,85
2025,10,1006,Highland Pharmacy Group,Regional Pharmacy Chain,BL-NU-GRE-10,Daily Supergreens & Gut Health Powder 250g,Nutrition,0
2025,10,1006,Highland Pharmacy Group,Regional Pharmacy Chain,BL-NU-SLE-11,Nighttime Beauty Sleep Elixir 200g,Nutrition,90
2025,10,1007,Urban Luxe Boutiques,Specialty Retail,BL-SK-CLN-03,Purifying Cleanser 200ml,Skincare,0
2025,10,1007,Urban Luxe Boutiques,Specialty Retail,BL-SK-HYD-02,Daily Hydration Cream 50ml,Skincare,0
2025,10,1007,Urban Luxe Boutiques,Specialty Retail,BL-SK-EXF-09,Gentle AHA/BHA Exfoliating Toner 100ml,Skincare,42
2025,10,1007,Urban Luxe Boutiques,Specialty Retail,BL-SK-EYE-08,Revitalizing Eye Contour Cream 15ml,Skincare,0
2025,10,1007,Urban Luxe Boutiques,Specialty Retail,BL-SK-SER-01,Anti-Aging Serum 50ml,Skincare,70
2025,10,1007,Urban Luxe Boutiques,Specialty Retail,BL-SK-SER-02,Hydration Serum 50ml,Skincare,0
2025,10,1007,Urban Luxe Boutiques,Specialty Retail,BL-SK-SER-03,Vitamin C Serum 50ml,Skincare,130
2025,10,1007,Urban Luxe Boutiques,Specialty Retail,BL-SU-FAC-04,Invisible Face Sunscreen SPF50 50ml,Suncare,35
2025,10,1007,Urban Luxe Boutiques,Specialty Retail,BL-SU-BOD-05,Protective Body Lotion SPF30 200ml,Suncare,0
2025,10,1007,Urban Luxe Boutiques,Specialty Retail,BL-NU-COL-06,Marine Collagen Peptides Powder 300g,Nutrition,105
2025,10,1007,Urban Luxe Boutiques,Specialty Retail,BL-NU-VIT-07,Daily Glow Vitamin C Powder 150g,Nutrition,0
2025,10,1007,Urban Luxe Boutiques,Specialty Retail,BL-NU-GRE-10,Daily Supergreens & Gut Health Powder 250g,Nutrition,0
2025,10,1007,Urban Luxe Boutiques,Specialty Retail,BL-NU-SLE-11,Nighttime Beauty Sleep Elixir 200g,Nutrition,68
2025,11,1001,Premier Supermarkets UK,Grocery / Supermarket,BL-SK-CLN-03,Purifying Cleanser 200ml,Skincare,580
2025,11,1001,Premier Supermarkets UK,Grocery / Supermarket,BL-SK-HYD-02,Daily Hydration Cream 50ml,Skincare,750
2025,11,1001,Premier Supermarkets UK,Grocery / Supermarket,BL-SK-EXF-09,Gentle AHA/BHA Exfoliating Toner 100ml,Skincare,310
2025,11,1001,Premier Supermarkets UK,Grocery / Supermarket,BL-SK-EYE-08,Revitalizing Eye Contour Cream 15ml,Skincare,220
2025,11,1001,Premier Supermarkets UK,Grocery / Supermarket,BL-SU-FAC-04,Invisible Face Sunscreen SPF50 50ml,Suncare,200
2025,11,1001,Premier Supermarkets UK,Grocery / Supermarket,BL-SU-BOD-05,Protective Body Lotion SPF30 200ml,Suncare,120
2025,11,1001,Premier Supermarkets UK,Grocery / Supermarket,BL-NU-VIT-07,Daily Glow Vitamin C Powder 150g,Nutrition,650
2025,11,1001,Premier Supermarkets UK,Grocery / Supermarket,BL-NU-GRE-10,Daily Supergreens & Gut Health Powder 250g,Nutrition,430
2025,11,1001,Premier Supermarkets UK,Grocery / Supermarket,BL-NU-SLE-11,Nighttime Beauty Sleep Elixir 200g,Nutrition,220
2025,11,1001,Premier Supermarkets UK,Grocery / Supermarket,BL-SK-SER-01,Anti-Aging Serum 50ml,Skincare,0
2025,11,1001,Premier Supermarkets UK,Grocery / Supermarket,BL-SK-SER-02,Hydration Serum 50ml,Skincare,0
2025,11,1001,Premier Supermarkets UK,Grocery / Supermarket,BL-SK-SER-03,Vitamin C Serum 50ml,Skincare,0
2025,11,1001,Premier Supermarkets UK,Grocery / Supermarket,BL-NU-COL-06,Marine Collagen Peptides Powder 300g,Nutrition,0
2025,11,1002,Chemist & Beauty Direct,Health & Beauty Specialist,BL-SK-CLN-03,Purifying Cleanser 200ml,Skincare,380
2025,11,1002,Chemist & Beauty Direct,Health & Beauty Specialist,BL-SK-HYD-02,Daily Hydration Cream 50ml,Skincare,520
2025,11,1002,Chemist & Beauty Direct,Health & Beauty Specialist,BL-SK-EXF-09,Gentle AHA/BHA Exfoliating Toner 100ml,Skincare,250
2025,11,1002,Chemist & Beauty Direct,Health & Beauty Specialist,BL-SK-EYE-08,Revitalizing Eye Contour Cream 15ml,Skincare,200
2025,11,1002,Chemist & Beauty Direct,Health & Beauty Specialist,BL-SK-SER-01,Anti-Aging Serum 50ml,Skincare,320
2025,11,1002,Chemist & Beauty Direct,Health & Beauty Specialist,BL-SK-SER-02,Hydration Serum 50ml,Skincare,440
2025,11,1002,Chemist & Beauty Direct,Health & Beauty Specialist,BL-SK-SER-03,Vitamin C Serum 50ml,Skincare,510
2025,11,1002,Chemist & Beauty Direct,Health & Beauty Specialist,BL-SU-FAC-04,Invisible Face Sunscreen SPF50 50ml,Suncare,140
2025,11,1002,Chemist & Beauty Direct,Health & Beauty Specialist,BL-SU-BOD-05,Protective Body Lotion SPF30 200ml,Suncare,90
2025,11,1002,Chemist & Beauty Direct,Health & Beauty Specialist,BL-NU-COL-06,Marine Collagen Peptides Powder 300g,Nutrition,190
2025,11,1002,Chemist & Beauty Direct,Health & Beauty Specialist,BL-NU-VIT-07,Daily Glow Vitamin C Powder 150g,Nutrition,190
2025,11,1002,Chemist & Beauty Direct,Health & Beauty Specialist,BL-NU-GRE-10,Daily Supergreens & Gut Health Powder 250g,Nutrition,110
2025,11,1002,Chemist & Beauty Direct,Health & Beauty Specialist,BL-NU-SLE-11,Nighttime Beauty Sleep Elixir 200g,Nutrition,200
2025,11,1003,St. James & Co. Retail,Department Stores,BL-SK-CLN-03,Purifying Cleanser 200ml,Skincare,180
2025,11,1003,St. James & Co. Retail,Department Stores,BL-SK-HYD-02,Daily Hydration Cream 50ml,Skincare,250
2025,11,1003,St. James & Co. Retail,Department Stores,BL-SK-EXF-09,Gentle AHA/BHA Exfoliating Toner 100ml,Skincare,130
2025,11,1003,St. James & Co. Retail,Department Stores,BL-SK-EYE-08,Revitalizing Eye Contour Cream 15ml,Skincare,110
2025,11,1003,St. James & Co. Retail,Department Stores,BL-SK-SER-01,Anti-Aging Serum 50ml,Skincare,170
2025,11,1003,St. James & Co. Retail,Department Stores,BL-SK-SER-02,Hydration Serum 50ml,Skincare,190
2025,11,1003,St. James & Co. Retail,Department Stores,BL-SK-SER-03,Vitamin C Serum 50ml,Skincare,210
2025,11,1003,St. James & Co. Retail,Department Stores,BL-SU-FAC-04,Invisible Face Sunscreen SPF50 50ml,Suncare,80
2025,11,1003,St. James & Co. Retail,Department Stores,BL-SU-BOD-05,Protective Body Lotion SPF30 200ml,Suncare,50
2025,11,1003,St. James & Co. Retail,Department Stores,BL-NU-COL-06,Marine Collagen Peptides Powder 300g,Nutrition,95
2025,11,1003,St. James & Co. Retail,Department Stores,BL-NU-VIT-07,Daily Glow Vitamin C Powder 150g,Nutrition,115
2025,11,1003,St. James & Co. Retail,Department Stores,BL-NU-GRE-10,Daily Supergreens & Gut Health Powder 250g,Nutrition,95
2025,11,1003,St. James & Co. Retail,Department Stores,BL-NU-SLE-11,Nighttime Beauty Sleep Elixir 200g,Nutrition,135
2025,11,1005,GlowOnline UK,Digital / E-Commerce,BL-SK-CLN-03,Purifying Cleanser 200ml,Skincare,680
2025,11,1005,GlowOnline UK,Digital / E-Commerce,BL-SK-HYD-02,Daily Hydration Cream 50ml,Skincare,780
2025,11,1005,GlowOnline UK,Digital / E-Commerce,BL-SK-EXF-09,Gentle AHA/BHA Exfoliating Toner 100ml,Skincare,400
2025,11,1005,GlowOnline UK,Digital / E-Commerce,BL-SK-EYE-08,Revitalizing Eye Contour Cream 15ml,Skincare,360
2025,11,1005,GlowOnline UK,Digital / E-Commerce,BL-SK-SER-01,Anti-Aging Serum 50ml,Skincare,460
2025,11,1005,GlowOnline UK,Digital / E-Commerce,BL-SK-SER-02,Hydration Serum 50ml,Skincare,650
2025,11,1005,GlowOnline UK,Digital / E-Commerce,BL-SK-SER-03,Vitamin C Serum 50ml,Skincare,760
2025,11,1005,GlowOnline UK,Digital / E-Commerce,BL-SU-FAC-04,Invisible Face Sunscreen SPF50 50ml,Suncare,200
2025,11,1005,GlowOnline UK,Digital / E-Commerce,BL-SU-BOD-05,Protective Body Lotion SPF30 200ml,Suncare,130
2025,11,1005,GlowOnline UK,Digital / E-Commerce,BL-NU-COL-06,Marine Collagen Peptides Powder 300g,Nutrition,480
2025,11,1005,GlowOnline UK,Digital / E-Commerce,BL-NU-VIT-07,Daily Glow Vitamin C Powder 150g,Nutrition,430
2025,11,1005,GlowOnline UK,Digital / E-Commerce,BL-NU-GRE-10,Daily Supergreens & Gut Health Powder 250g,Nutrition,290
2025,11,1005,GlowOnline UK,Digital / E-Commerce,BL-NU-SLE-11,Nighttime Beauty Sleep Elixir 200g,Nutrition,340
2025,11,1006,Highland Pharmacy Group,Regional Pharmacy Chain,BL-SK-CLN-03,Purifying Cleanser 200ml,Skincare,120
2025,11,1006,Highland Pharmacy Group,Regional Pharmacy Chain,BL-SK-HYD-02,Daily Hydration Cream 50ml,Skincare,175
2025,11,1006,Highland Pharmacy Group,Regional Pharmacy Chain,BL-SK-EXF-09,Gentle AHA/BHA Exfoliating Toner 100ml,Skincare,0
2025,11,1006,Highland Pharmacy Group,Regional Pharmacy Chain,BL-SK-EYE-08,Revitalizing Eye Contour Cream 15ml,Skincare,52
2025,11,1006,Highland Pharmacy Group,Regional Pharmacy Chain,BL-SK-SER-01,Anti-Aging Serum 50ml,Skincare,65
2025,11,1006,Highland Pharmacy Group,Regional Pharmacy Chain,BL-SK-SER-02,Hydration Serum 50ml,Skincare,90
2025,11,1006,Highland Pharmacy Group,Regional Pharmacy Chain,BL-SK-SER-03,Vitamin C Serum 50ml,Skincare,105
2025,11,1006,Highland Pharmacy Group,Regional Pharmacy Chain,BL-SU-FAC-04,Invisible Face Sunscreen SPF50 50ml,Suncare,65
2025,11,1006,Highland Pharmacy Group,Regional Pharmacy Chain,BL-SU-BOD-05,Protective Body Lotion SPF30 200ml,Suncare,40
2025,11,1006,Highland Pharmacy Group,Regional Pharmacy Chain,BL-NU-COL-06,Marine Collagen Peptides Powder 300g,Nutrition,110
2025,11,1006,Highland Pharmacy Group,Regional Pharmacy Chain,BL-NU-VIT-07,Daily Glow Vitamin C Powder 150g,Nutrition,90
2025,11,1006,Highland Pharmacy Group,Regional Pharmacy Chain,BL-NU-GRE-10,Daily Supergreens & Gut Health Powder 250g,Nutrition,0
2025,11,1006,Highland Pharmacy Group,Regional Pharmacy Chain,BL-NU-SLE-11,Nighttime Beauty Sleep Elixir 200g,Nutrition,95
2025,11,1007,Urban Luxe Boutiques,Specialty Retail,BL-SK-CLN-03,Purifying Cleanser 200ml,Skincare,0
2025,11,1007,Urban Luxe Boutiques,Specialty Retail,BL-SK-HYD-02,Daily Hydration Cream 50ml,Skincare,0
2025,11,1007,Urban Luxe Boutiques,Specialty Retail,BL-SK-EXF-09,Gentle AHA/BHA Exfoliating Toner 100ml,Skincare,48
2025,11,1007,Urban Luxe Boutiques,Specialty Retail,BL-SK-EYE-08,Revitalizing Eye Contour Cream 15ml,Skincare,0
2025,11,1007,Urban Luxe Boutiques,Specialty Retail,BL-SK-SER-01,Anti-Aging Serum 50ml,Skincare,78
2025,11,1007,Urban Luxe Boutiques,Specialty Retail,BL-SK-SER-02,Hydration Serum 50ml,Skincare,0
2025,11,1007,Urban Luxe Boutiques,Specialty Retail,BL-SK-SER-03,Vitamin C Serum 50ml,Skincare,140
2025,11,1007,Urban Luxe Boutiques,Specialty Retail,BL-SU-FAC-04,Invisible Face Sunscreen SPF50 50ml,Suncare,35
2025,11,1007,Urban Luxe Boutiques,Specialty Retail,BL-SU-BOD-05,Protective Body Lotion SPF30 200ml,Suncare,0
2025,11,1007,Urban Luxe Boutiques,Specialty Retail,BL-NU-COL-06,Marine Collagen Peptides Powder 300g,Nutrition,115
2025,11,1007,Urban Luxe Boutiques,Specialty Retail,BL-NU-VIT-07,Daily Glow Vitamin C Powder 150g,Nutrition,0
2025,11,1007,Urban Luxe Boutiques,Specialty Retail,BL-NU-GRE-10,Daily Supergreens & Gut Health Powder 250g,Nutrition,0
2025,11,1007,Urban Luxe Boutiques,Specialty Retail,BL-NU-SLE-11,Nighttime Beauty Sleep Elixir 200g,Nutrition,75
2025,12,1001,Premier Supermarkets UK,Grocery / Supermarket,BL-SK-CLN-03,Purifying Cleanser 200ml,Skincare,650
2025,12,1001,Premier Supermarkets UK,Grocery / Supermarket,BL-SK-HYD-02,Daily Hydration Cream 50ml,Skincare,850
2025,12,1001,Premier Supermarkets UK,Grocery / Supermarket,BL-SK-EXF-09,Gentle AHA/BHA Exfoliating Toner 100ml,Skincare,350
2025,12,1001,Premier Supermarkets UK,Grocery / Supermarket,BL-SK-EYE-08,Revitalizing Eye Contour Cream 15ml,Skincare,250
2025,12,1001,Premier Supermarkets UK,Grocery / Supermarket,BL-SU-FAC-04,Invisible Face Sunscreen SPF50 50ml,Suncare,180
2025,12,1001,Premier Supermarkets UK,Grocery / Supermarket,BL-SU-BOD-05,Protective Body Lotion SPF30 200ml,Suncare,110
2025,12,1001,Premier Supermarkets UK,Grocery / Supermarket,BL-NU-VIT-07,Daily Glow Vitamin C Powder 150g,Nutrition,750
2025,12,1001,Premier Supermarkets UK,Grocery / Supermarket,BL-NU-GRE-10,Daily Supergreens & Gut Health Powder 250g,Nutrition,500
2025,12,1001,Premier Supermarkets UK,Grocery / Supermarket,BL-NU-SLE-11,Nighttime Beauty Sleep Elixir 200g,Nutrition,250
2025,12,1001,Premier Supermarkets UK,Grocery / Supermarket,BL-SK-SER-01,Anti-Aging Serum 50ml,Skincare,0
2025,12,1001,Premier Supermarkets UK,Grocery / Supermarket,BL-SK-SER-02,Hydration Serum 50ml,Skincare,0
2025,12,1001,Premier Supermarkets UK,Grocery / Supermarket,BL-SK-SER-03,Vitamin C Serum 50ml,Skincare,0
2025,12,1001,Premier Supermarkets UK,Grocery / Supermarket,BL-NU-COL-06,Marine Collagen Peptides Powder 300g,Nutrition,0
2025,12,1002,Chemist & Beauty Direct,Health & Beauty Specialist,BL-SK-CLN-03,Purifying Cleanser 200ml,Skincare,420
2025,12,1002,Chemist & Beauty Direct,Health & Beauty Specialist,BL-SK-HYD-02,Daily Hydration Cream 50ml,Skincare,580
2025,12,1002,Chemist & Beauty Direct,Health & Beauty Specialist,BL-SK-EXF-09,Gentle AHA/BHA Exfoliating Toner 100ml,Skincare,280
2025,12,1002,Chemist & Beauty Direct,Health & Beauty Specialist,BL-SK-EYE-08,Revitalizing Eye Contour Cream 15ml,Skincare,220
2025,12,1002,Chemist & Beauty Direct,Health & Beauty Specialist,BL-SK-SER-01,Anti-Aging Serum 50ml,Skincare,350
2025,12,1002,Chemist & Beauty Direct,Health & Beauty Specialist,BL-SK-SER-02,Hydration Serum 50ml,Skincare,480
2025,12,1002,Chemist & Beauty Direct,Health & Beauty Specialist,BL-SK-SER-03,Vitamin C Serum 50ml,Skincare,550
2025,12,1002,Chemist & Beauty Direct,Health & Beauty Specialist,BL-SU-FAC-04,Invisible Face Sunscreen SPF50 50ml,Suncare,130
2025,12,1002,Chemist & Beauty Direct,Health & Beauty Specialist,BL-SU-BOD-05,Protective Body Lotion SPF30 200ml,Suncare,80
2025,12,1002,Chemist & Beauty Direct,Health & Beauty Specialist,BL-NU-COL-06,Marine Collagen Peptides Powder 300g,Nutrition,200
2025,12,1002,Chemist & Beauty Direct,Health & Beauty Specialist,BL-NU-VIT-07,Daily Glow Vitamin C Powder 150g,Nutrition,200
2025,12,1002,Chemist & Beauty Direct,Health & Beauty Specialist,BL-NU-GRE-10,Daily Supergreens & Gut Health Powder 250g,Nutrition,120
2025,12,1002,Chemist & Beauty Direct,Health & Beauty Specialist,BL-NU-SLE-11,Nighttime Beauty Sleep Elixir 200g,Nutrition,200
2025,12,1003,St. James & Co. Retail,Department Stores,BL-SK-CLN-03,Purifying Cleanser 200ml,Skincare,200
2025,12,1003,St. James & Co. Retail,Department Stores,BL-SK-HYD-02,Daily Hydration Cream 50ml,Skincare,280
2025,12,1003,St. James & Co. Retail,Department Stores,BL-SK-EXF-09,Gentle AHA/BHA Exfoliating Toner 100ml,Skincare,150
2025,12,1003,St. James & Co. Retail,Department Stores,BL-SK-EYE-08,Revitalizing Eye Contour Cream 15ml,Skincare,120
2025,12,1003,St. James & Co. Retail,Department Stores,BL-SK-SER-01,Anti-Aging Serum 50ml,Skincare,180
2025,12,1003,St. James & Co. Retail,Department Stores,BL-SK-SER-02,Hydration Serum 50ml,Skincare,200
2025,12,1003,St. James & Co. Retail,Department Stores,BL-SK-SER-03,Vitamin C Serum 50ml,Skincare,220
2025,12,1003,St. James & Co. Retail,Department Stores,BL-SU-FAC-04,Invisible Face Sunscreen SPF50 50ml,Suncare,80
2025,12,1003,St. James & Co. Retail,Department Stores,BL-SU-BOD-05,Protective Body Lotion SPF30 200ml,Suncare,50
2025,12,1003,St. James & Co. Retail,Department Stores,BL-NU-COL-06,Marine Collagen Peptides Powder 300g,Nutrition,100
2025,12,1003,St. James & Co. Retail,Department Stores,BL-NU-VIT-07,Daily Glow Vitamin C Powder 150g,Nutrition,120
2025,12,1003,St. James & Co. Retail,Department Stores,BL-NU-GRE-10,Daily Supergreens & Gut Health Powder 250g,Nutrition,100
2025,12,1003,St. James & Co. Retail,Department Stores,BL-NU-SLE-11,Nighttime Beauty Sleep Elixir 200g,Nutrition,130
2025,12,1005,GlowOnline UK,Digital / E-Commerce,BL-SK-CLN-03,Purifying Cleanser 200ml,Skincare,720
2025,12,1005,GlowOnline UK,Digital / E-Commerce,BL-SK-HYD-02,Daily Hydration Cream 50ml,Skincare,820
2025,12,1005,GlowOnline UK,Digital / E-Commerce,BL-SK-EXF-09,Gentle AHA/BHA Exfoliating Toner 100ml,Skincare,420
2025,12,1005,GlowOnline UK,Digital / E-Commerce,BL-SK-EYE-08,Revitalizing Eye Contour Cream 15ml,Skincare,380
2025,12,1005,GlowOnline UK,Digital / E-Commerce,BL-SK-SER-01,Anti-Aging Serum 50ml,Skincare,480
2025,12,1005,GlowOnline UK,Digital / E-Commerce,BL-SK-SER-02,Hydration Serum 50ml,Skincare,680
2025,12,1005,GlowOnline UK,Digital / E-Commerce,BL-SK-SER-03,Vitamin C Serum 50ml,Skincare,800
2025,12,1005,GlowOnline UK,Digital / E-Commerce,BL-SU-FAC-04,Invisible Face Sunscreen SPF50 50ml,Suncare,200
2025,12,1005,GlowOnline UK,Digital / E-Commerce,BL-SU-BOD-05,Protective Body Lotion SPF30 200ml,Suncare,130
2025,12,1005,GlowOnline UK,Digital / E-Commerce,BL-NU-COL-06,Marine Collagen Peptides Powder 300g,Nutrition,500
2025,12,1005,GlowOnline UK,Digital / E-Commerce,BL-NU-VIT-07,Daily Glow Vitamin C Powder 150g,Nutrition,450
2025,12,1005,GlowOnline UK,Digital / E-Commerce,BL-NU-GRE-10,Daily Supergreens & Gut Health Powder 250g,Nutrition,300
2025,12,1005,GlowOnline UK,Digital / E-Commerce,BL-NU-SLE-11,Nighttime Beauty Sleep Elixir 200g,Nutrition,320
2025,12,1006,Highland Pharmacy Group,Regional Pharmacy Chain,BL-SK-CLN-03,Purifying Cleanser 200ml,Skincare,140
2025,12,1006,Highland Pharmacy Group,Regional Pharmacy Chain,BL-SK-HYD-02,Daily Hydration Cream 50ml,Skincare,200
2025,12,1006,Highland Pharmacy Group,Regional Pharmacy Chain,BL-SK-EXF-09,Gentle AHA/BHA Exfoliating Toner 100ml,Skincare,0
2025,12,1006,Highland Pharmacy Group,Regional Pharmacy Chain,BL-SK-EYE-08,Revitalizing Eye Contour Cream 15ml,Skincare,60
2025,12,1006,Highland Pharmacy Group,Regional Pharmacy Chain,BL-SK-SER-01,Anti-Aging Serum 50ml,Skincare,70
2025,12,1006,Highland Pharmacy Group,Regional Pharmacy Chain,BL-SK-SER-02,Hydration Serum 50ml,Skincare,100
2025,12,1006,Highland Pharmacy Group,Regional Pharmacy Chain,BL-SK-SER-03,Vitamin C Serum 50ml,Skincare,120
2025,12,1006,Highland Pharmacy Group,Regional Pharmacy Chain,BL-SU-FAC-04,Invisible Face Sunscreen SPF50 50ml,Suncare,60
2025,12,1006,Highland Pharmacy Group,Regional Pharmacy Chain,BL-SU-BOD-05,Protective Body Lotion SPF30 200ml,Suncare,40
2025,12,1006,Highland Pharmacy Group,Regional Pharmacy Chain,BL-NU-COL-06,Marine Collagen Peptides Powder 300g,Nutrition,120
2025,12,1006,Highland Pharmacy Group,Regional Pharmacy Chain,BL-NU-VIT-07,Daily Glow Vitamin C Powder 150g,Nutrition,100
2025,12,1006,Highland Pharmacy Group,Regional Pharmacy Chain,BL-NU-GRE-10,Daily Supergreens & Gut Health Powder 250g,Nutrition,0
2025,12,1006,Highland Pharmacy Group,Regional Pharmacy Chain,BL-NU-SLE-11,Nighttime Beauty Sleep Elixir 200g,Nutrition,90
2025,12,1007,Urban Luxe Boutiques,Specialty Retail,BL-SK-CLN-03,Purifying Cleanser 200ml,Skincare,0
2025,12,1007,Urban Luxe Boutiques,Specialty Retail,BL-SK-HYD-02,Daily Hydration Cream 50ml,Skincare,0
2025,12,1007,Urban Luxe Boutiques,Specialty Retail,BL-SK-EXF-09,Gentle AHA/BHA Exfoliating Toner 100ml,Skincare,50
2025,12,1007,Urban Luxe Boutiques,Specialty Retail,BL-SK-EYE-08,Revitalizing Eye Contour Cream 15ml,Skincare,0
2025,12,1007,Urban Luxe Boutiques,Specialty Retail,BL-SK-SER-01,Anti-Aging Serum 50ml,Skincare,80
2025,12,1007,Urban Luxe Boutiques,Specialty Retail,BL-SK-SER-02,Hydration Serum 50ml,Skincare,0
2025,12,1007,Urban Luxe Boutiques,Specialty Retail,BL-SK-SER-03,Vitamin C Serum 50ml,Skincare,150
2025,12,1007,Urban Luxe Boutiques,Specialty Retail,BL-SU-FAC-04,Invisible Face Sunscreen SPF50 50ml,Suncare,35
2025,12,1007,Urban Luxe Boutiques,Specialty Retail,BL-SU-BOD-05,Protective Body Lotion SPF30 200ml,Suncare,0
2025,12,1007,Urban Luxe Boutiques,Specialty Retail,BL-NU-COL-06,Marine Collagen Peptides Powder 300g,Nutrition,120
2025,12,1007,Urban Luxe Boutiques,Specialty Retail,BL-NU-VIT-07,Daily Glow Vitamin C Powder 150g,Nutrition,0
2025,12,1007,Urban Luxe Boutiques,Specialty Retail,BL-NU-GRE-10,Daily Supergreens & Gut Health Powder 250g,Nutrition,0
2025,12,1007,Urban Luxe Boutiques,Specialty Retail,BL-NU-SLE-11,Nighttime Beauty Sleep Elixir 200g,Nutrition,70